drop database if exists `vk`;
create database if not exists `vk`;
use `vk`;

CREATE TABLE users (
	id SERIAL PRIMARY KEY, -- SERIAL = BIGINT UNSIGNED NOT NULL AUTO_INCREMENT UNIQUE
    firstname VARCHAR(100),
    lastname VARCHAR(100) COMMENT 'Фамилия', -- COMMENT на случай, если имя неочевидное
    email VARCHAR(100) UNIQUE,
    password_hash varchar(100),
    phone BIGINT,
    is_deleted bit default 0,
    -- INDEX users_phone_idx(phone), -- помним: как выбирать индексы
    INDEX users_firstname_lastname_idx(firstname, lastname)
);


CREATE TABLE `profiles` (
	user_id SERIAL PRIMARY KEY,
    gender CHAR(1),
    birthday DATE,
	photo_id BIGINT UNSIGNED,
    created_at DATETIME DEFAULT NOW(),
    hometown VARCHAR(100)
    -- , FOREIGN KEY (photo_id) REFERENCES media(id) -- пока рано, т.к. таблицы media еще нет
);

ALTER TABLE `profiles` ADD CONSTRAINT fk_user_id
    FOREIGN KEY (user_id) REFERENCES users(id)
    ON UPDATE CASCADE ON DELETE CASCADE;

CREATE TABLE messages (
	id SERIAL PRIMARY KEY,
	from_user_id BIGINT UNSIGNED NOT NULL,
    to_user_id BIGINT UNSIGNED NOT NULL,
    body TEXT,
    created_at DATETIME DEFAULT NOW(), -- можно будет даже не упоминать это поле при вставке

    FOREIGN KEY (from_user_id) REFERENCES users(id) ON UPDATE CASCADE ON DELETE CASCADE,
    FOREIGN KEY (to_user_id) REFERENCES users(id) ON UPDATE CASCADE ON DELETE CASCADE
);



CREATE TABLE media_types(
	id SERIAL PRIMARY KEY,
    name VARCHAR(255),
    created_at DATETIME DEFAULT NOW(),
    updated_at DATETIME DEFAULT CURRENT_TIMESTAMP ON UPDATE CURRENT_TIMESTAMP

    -- записей мало, поэтому индекс будет лишним (замедлит работу)!
);


CREATE TABLE media(
	id SERIAL PRIMARY KEY,
    media_type_id BIGINT UNSIGNED,
    user_id BIGINT UNSIGNED NOT NULL,
  	body text,
    filename VARCHAR(255),
    `size` INT,
	metadata JSON,
    created_at DATETIME DEFAULT NOW(),
    updated_at DATETIME DEFAULT CURRENT_TIMESTAMP ON UPDATE CURRENT_TIMESTAMP,

    FOREIGN KEY (user_id) REFERENCES users(id) ON UPDATE CASCADE ON DELETE CASCADE,
    FOREIGN KEY (media_type_id) REFERENCES media_types(id) ON UPDATE CASCADE ON DELETE SET NULL
);


CREATE TABLE `photo_albums` (
	`id` SERIAL,
	`name` varchar(255) DEFAULT NULL,
    `user_id` BIGINT UNSIGNED DEFAULT NULL,

    FOREIGN KEY (user_id) REFERENCES users(id) ON UPDATE CASCADE ON DELETE SET NULL,
  	PRIMARY KEY (`id`)
);

CREATE TABLE `photos` (
	id SERIAL PRIMARY KEY,
	`album_id` BIGINT unsigned NOT NULL,
	`media_id` BIGINT unsigned NOT NULL,

	FOREIGN KEY (album_id) REFERENCES photo_albums(id) ON UPDATE CASCADE ON DELETE CASCADE,
    FOREIGN KEY (media_id) REFERENCES media(id) ON UPDATE CASCADE ON DELETE CASCADE
);

ALTER TABLE `profiles` ADD CONSTRAINT fk_photo_id
    FOREIGN KEY (photo_id) REFERENCES photos(id)
    ON UPDATE CASCADE ON DELETE set NULL;
    
INSERT INTO `users` (`id`, `firstname`, `lastname`, `email`, `password_hash`, `phone`, `is_deleted`) VALUES ('1', 'Kory', 'Hegmann', 'herzog.conrad@example.org', '5192728f7ff32f6459cc67fd544ae9a6818046ce', '87992960020', 0);
INSERT INTO `users` (`id`, `firstname`, `lastname`, `email`, `password_hash`, `phone`, `is_deleted`) VALUES ('2', 'Jonatan', 'Dibbert', 'toy92@example.net', 'b88eea880ada23666cf0111e2624b2887fb63a8f', '76762042606', 0);
INSERT INTO `users` (`id`, `firstname`, `lastname`, `email`, `password_hash`, `phone`, `is_deleted`) VALUES ('3', 'Eulah', 'Parker', 'carson.gulgowski@example.net', '4c0bbc164bc8608e3bb2cbc918b188ef3b45d2c6', '58191594220', 0);
INSERT INTO `users` (`id`, `firstname`, `lastname`, `email`, `password_hash`, `phone`, `is_deleted`) VALUES ('4', 'Nikita', 'Mitchell', 'effertz.mariane@example.net', 'c538738387862d561cdcc0a9cb989978c72fbb38', '76712506934', 1);
INSERT INTO `users` (`id`, `firstname`, `lastname`, `email`, `password_hash`, `phone`, `is_deleted`) VALUES ('5', 'Nash', 'Quigley', 'howe.lazaro@example.org', '30aa1433b765d5a9d9af21bfe4be155c05f24596', '21442469965', 1);
INSERT INTO `users` (`id`, `firstname`, `lastname`, `email`, `password_hash`, `phone`, `is_deleted`) VALUES ('6', 'Rosemarie', 'Murphy', 'orrin.rogahn@example.org', '75caf264e7481a6e5b9da980c5c86efe5b0078de', '29371044116', 1);
INSERT INTO `users` (`id`, `firstname`, `lastname`, `email`, `password_hash`, `phone`, `is_deleted`) VALUES ('7', 'Sabina', 'Parisian', 'demarcus.haley@example.com', 'a098d8e0c0edfe59972eef07278aa1630e85244a', '14719920160', 1);
INSERT INTO `users` (`id`, `firstname`, `lastname`, `email`, `password_hash`, `phone`, `is_deleted`) VALUES ('8', 'Christina', 'Mann', 'hobart.purdy@example.com', '05d8d2f41fd961e4695ac96d9ae3c9b61c6b42b7', '25627260550', 0);
INSERT INTO `users` (`id`, `firstname`, `lastname`, `email`, `password_hash`, `phone`, `is_deleted`) VALUES ('9', 'Amiya', 'Huels', 'aledner@example.com', '2bd1cb506a2899f07680e10588be2af96aba2a4c', '35130775570', 1);
INSERT INTO `users` (`id`, `firstname`, `lastname`, `email`, `password_hash`, `phone`, `is_deleted`) VALUES ('10', 'Delores', 'Blanda', 'herman.idella@example.net', '3b56e3bb4ded70f5854301a2069819e43da84f89', '32550868145', 0);
INSERT INTO `users` (`id`, `firstname`, `lastname`, `email`, `password_hash`, `phone`, `is_deleted`) VALUES ('11', 'Eino', 'Luettgen', 'yreichert@example.org', '09e476f5a4737c3883c6fc48138ba3a4826df1a6', '32439795803', 1);
INSERT INTO `users` (`id`, `firstname`, `lastname`, `email`, `password_hash`, `phone`, `is_deleted`) VALUES ('12', 'Kayli', 'Ruecker', 'gustave.breitenberg@example.net', 'abc75cea36ec214132420e85e660ba098f82520c', '14172499355', 1);
INSERT INTO `users` (`id`, `firstname`, `lastname`, `email`, `password_hash`, `phone`, `is_deleted`) VALUES ('13', 'Monte', 'Witting', 'snikolaus@example.com', '28d55f818acf6d8673cc85cb9d8afde255edb44d', '18822539890', 1);
INSERT INTO `users` (`id`, `firstname`, `lastname`, `email`, `password_hash`, `phone`, `is_deleted`) VALUES ('14', 'Maxine', 'Hilpert', 'bernhard.muriel@example.net', 'f60ef144c55507612fd938b09affabc9b7633a3e', '46594519143', 1);
INSERT INTO `users` (`id`, `firstname`, `lastname`, `email`, `password_hash`, `phone`, `is_deleted`) VALUES ('15', 'Jaqueline', 'Wintheiser', 'schimmel.karina@example.net', 'e3da36e2e97c1b057e7cd428e31ec2aea4c901a3', '68399634962', 1);
INSERT INTO `users` (`id`, `firstname`, `lastname`, `email`, `password_hash`, `phone`, `is_deleted`) VALUES ('16', 'Imelda', 'Wunsch', 'janelle.morar@example.com', 'f88db23903999743f63ef35ceb3cfd4088193cc8', '85590539374', 0);
INSERT INTO `users` (`id`, `firstname`, `lastname`, `email`, `password_hash`, `phone`, `is_deleted`) VALUES ('17', 'Berenice', 'Senger', 'mgaylord@example.net', '685d5c90887ed477585f9deadbf7d1a379c74fef', '70882577113', 1);
INSERT INTO `users` (`id`, `firstname`, `lastname`, `email`, `password_hash`, `phone`, `is_deleted`) VALUES ('18', 'Novella', 'Price', 'laney.bode@example.com', '3a3acd39c71393bb8e5bcc1ff1c666ad74130eb7', '67478010901', 1);
INSERT INTO `users` (`id`, `firstname`, `lastname`, `email`, `password_hash`, `phone`, `is_deleted`) VALUES ('19', 'Kellie', 'Von', 'collier.domenic@example.com', 'b2248a24539f11dc45ea8cd9379d9f8a7754a5e9', '42383230259', 0);
INSERT INTO `users` (`id`, `firstname`, `lastname`, `email`, `password_hash`, `phone`, `is_deleted`) VALUES ('20', 'Scottie', 'Orn', 'marilou.walsh@example.com', 'bd89e10047d7294e37c7fd852fd6b772922e48de', '71318926744', 0);
INSERT INTO `users` (`id`, `firstname`, `lastname`, `email`, `password_hash`, `phone`, `is_deleted`) VALUES ('21', 'Charles', 'Connelly', 'yrunte@example.com', 'a51a224792b5cc164bb89c9595b1f09ab427262c', '79430878521', 0);
INSERT INTO `users` (`id`, `firstname`, `lastname`, `email`, `password_hash`, `phone`, `is_deleted`) VALUES ('22', 'Harrison', 'Lockman', 'vwalker@example.net', '70799593bde626395e9d32831fd89529a7f5ee18', '83959745935', 1);
INSERT INTO `users` (`id`, `firstname`, `lastname`, `email`, `password_hash`, `phone`, `is_deleted`) VALUES ('23', 'Alejandrin', 'McCullough', 'alva12@example.org', '4391e13c74d17a0c5e467b962218123e92c01c4d', '25900766090', 1);
INSERT INTO `users` (`id`, `firstname`, `lastname`, `email`, `password_hash`, `phone`, `is_deleted`) VALUES ('24', 'Dangelo', 'King', 'hraynor@example.org', '118717fbffc33fb63340cccf31eaf6df69ab5c24', '59782824788', 0);
INSERT INTO `users` (`id`, `firstname`, `lastname`, `email`, `password_hash`, `phone`, `is_deleted`) VALUES ('25', 'Kavon', 'Veum', 'kris27@example.org', '98a1f1ed94c8a2c08713e981ec48816b22387857', '84466718805', 0);
INSERT INTO `users` (`id`, `firstname`, `lastname`, `email`, `password_hash`, `phone`, `is_deleted`) VALUES ('26', 'Alverta', 'Kemmer', 'ohermann@example.net', 'ac0680bd5080fb3c73df7b748c69e0871aa7d996', '74719156630', 0);
INSERT INTO `users` (`id`, `firstname`, `lastname`, `email`, `password_hash`, `phone`, `is_deleted`) VALUES ('27', 'Dallas', 'Greenholt', 'vivien80@example.com', 'dde22ef9c35001afa732ea4cc61b0f4346ed82e1', '37291396138', 1);
INSERT INTO `users` (`id`, `firstname`, `lastname`, `email`, `password_hash`, `phone`, `is_deleted`) VALUES ('28', 'Justice', 'Beatty', 'fay.earline@example.com', '676be477e5d372077d92ff6c6721c94bcddc4ec9', '87127036037', 0);
INSERT INTO `users` (`id`, `firstname`, `lastname`, `email`, `password_hash`, `phone`, `is_deleted`) VALUES ('29', 'Concepcion', 'Wehner', 'bkunde@example.org', '8ad1a88df6167789a9fbe220300ca175a514c0ed', '2056732212', 1);
INSERT INTO `users` (`id`, `firstname`, `lastname`, `email`, `password_hash`, `phone`, `is_deleted`) VALUES ('30', 'Tyrese', 'Wintheiser', 'ofahey@example.org', '0f0e707b6bb24958720b9ad91cb8b85d854ab35e', '70854297961', 1);
INSERT INTO `users` (`id`, `firstname`, `lastname`, `email`, `password_hash`, `phone`, `is_deleted`) VALUES ('31', 'Frederik', 'Cruickshank', 'kihn.romaine@example.net', '4ec41655d76590040b624d2b60de7b611e4014e3', '61004960114', 1);
INSERT INTO `users` (`id`, `firstname`, `lastname`, `email`, `password_hash`, `phone`, `is_deleted`) VALUES ('32', 'Jacynthe', 'Paucek', 'ilittle@example.org', '318009ff79bae8f91f0e27b7705ca88a7edcd8e2', '14572191724', 1);
INSERT INTO `users` (`id`, `firstname`, `lastname`, `email`, `password_hash`, `phone`, `is_deleted`) VALUES ('33', 'Asha', 'Heathcote', 'keith.towne@example.net', 'f85dc0e10659c068b568ee5357c93f709339c029', '2158647647', 0);
INSERT INTO `users` (`id`, `firstname`, `lastname`, `email`, `password_hash`, `phone`, `is_deleted`) VALUES ('34', 'Marietta', 'Heller', 'thad.koss@example.org', '81f257098b0738db6c88f2dfe4f491f47d757bd5', '61521964624', 1);
INSERT INTO `users` (`id`, `firstname`, `lastname`, `email`, `password_hash`, `phone`, `is_deleted`) VALUES ('35', 'Stephon', 'Hoeger', 'flossie21@example.com', '1e1cde070a6e05df9b3c86318cb655545aad8e43', '61466111932', 1);
INSERT INTO `users` (`id`, `firstname`, `lastname`, `email`, `password_hash`, `phone`, `is_deleted`) VALUES ('36', 'Jovany', 'Tromp', 'champlin.jaunita@example.com', '67f1717cfae7a3820f6049b83343af8880fddb18', '63507321464', 1);
INSERT INTO `users` (`id`, `firstname`, `lastname`, `email`, `password_hash`, `phone`, `is_deleted`) VALUES ('37', 'Maribel', 'Buckridge', 'nmoen@example.net', 'b2b68687de2ec07b12218d5ce88019d99fe214a0', '20321713716', 1);
INSERT INTO `users` (`id`, `firstname`, `lastname`, `email`, `password_hash`, `phone`, `is_deleted`) VALUES ('38', 'Nasir', 'Spinka', 'quigley.cleora@example.org', '624fb52f7f11d961345802040b6d66c162a014f2', '68623667118', 0);
INSERT INTO `users` (`id`, `firstname`, `lastname`, `email`, `password_hash`, `phone`, `is_deleted`) VALUES ('39', 'Kenna', 'Gislason', 'daugherty.dallin@example.org', 'c913facc97602fbd0dbddd35d1f3afd4b4f2a7d9', '33512527054', 1);
INSERT INTO `users` (`id`, `firstname`, `lastname`, `email`, `password_hash`, `phone`, `is_deleted`) VALUES ('40', 'Oma', 'Kerluke', 'gene.sporer@example.com', '5857cab44a7e71275a58450f27dec46c45edc978', '9225566368', 0);
INSERT INTO `users` (`id`, `firstname`, `lastname`, `email`, `password_hash`, `phone`, `is_deleted`) VALUES ('41', 'Darryl', 'Considine', 'george57@example.org', '8c20a8ad76d21e84799f31c93452b0aca5b4a114', '60219274561', 1);
INSERT INTO `users` (`id`, `firstname`, `lastname`, `email`, `password_hash`, `phone`, `is_deleted`) VALUES ('42', 'Terrence', 'Nitzsche', 'yost.dimitri@example.com', '7b87dbfe422e7c666627516b219e5f0376859529', '72214054818', 1);
INSERT INTO `users` (`id`, `firstname`, `lastname`, `email`, `password_hash`, `phone`, `is_deleted`) VALUES ('43', 'Derek', 'Rath', 'avolkman@example.org', '9f8abf56d22786a824eca5010072171850b4979e', '15703252379', 1);
INSERT INTO `users` (`id`, `firstname`, `lastname`, `email`, `password_hash`, `phone`, `is_deleted`) VALUES ('44', 'Alejandra', 'Ward', 'valentin.barton@example.net', '938b2e4adc5129dee6522411e8d585a04433e65f', '26040546025', 0);
INSERT INTO `users` (`id`, `firstname`, `lastname`, `email`, `password_hash`, `phone`, `is_deleted`) VALUES ('45', 'Zoe', 'Macejkovic', 'sd\'amore@example.org', '8357925dde402b577de7322a5e935d5ac4443e33', '21451803303', 1);
INSERT INTO `users` (`id`, `firstname`, `lastname`, `email`, `password_hash`, `phone`, `is_deleted`) VALUES ('46', 'Elisha', 'Fadel', 'lina.steuber@example.org', '295d53509bffa4550566a03b78bc4e1f9c003cfb', '73229990111', 1);
INSERT INTO `users` (`id`, `firstname`, `lastname`, `email`, `password_hash`, `phone`, `is_deleted`) VALUES ('47', 'Eric', 'Roberts', 'odell82@example.org', 'c9b18e24714a6b691deb32dd2e815681b7f834c5', '21197093456', 1);
INSERT INTO `users` (`id`, `firstname`, `lastname`, `email`, `password_hash`, `phone`, `is_deleted`) VALUES ('48', 'Karolann', 'Hamill', 'mathilde94@example.org', 'fa6473a2d597c67607a995516f309e4973ba3d56', '79201573736', 1);
INSERT INTO `users` (`id`, `firstname`, `lastname`, `email`, `password_hash`, `phone`, `is_deleted`) VALUES ('49', 'Hillard', 'Leffler', 'aditya83@example.net', '8e4f85f883ea3af431ed163d75c010dc9e689072', '87494438167', 0);
INSERT INTO `users` (`id`, `firstname`, `lastname`, `email`, `password_hash`, `phone`, `is_deleted`) VALUES ('50', 'Remington', 'Runte', 'elizabeth01@example.com', '12502a6584deb45aa5a07861eba818339a4a75f6', '59062625386', 0);
INSERT INTO `users` (`id`, `firstname`, `lastname`, `email`, `password_hash`, `phone`, `is_deleted`) VALUES ('51', 'Blaze', 'Blanda', 'retta43@example.net', '20dad3ad5fceec22e346a1cae94d8a92e96de01e', '16756631241', 0);
INSERT INTO `users` (`id`, `firstname`, `lastname`, `email`, `password_hash`, `phone`, `is_deleted`) VALUES ('52', 'Asia', 'Leannon', 'major.hintz@example.net', 'b768f14a189631c21a7a80c8706f973c5b649ff0', '34685629080', 0);
INSERT INTO `users` (`id`, `firstname`, `lastname`, `email`, `password_hash`, `phone`, `is_deleted`) VALUES ('53', 'Aliyah', 'Boyer', 'glittle@example.org', '122700634e1c58416f7a5b1688ccc406f9c03700', '77124942712', 1);
INSERT INTO `users` (`id`, `firstname`, `lastname`, `email`, `password_hash`, `phone`, `is_deleted`) VALUES ('54', 'Torrey', 'Hagenes', 'gibson.brandt@example.net', 'c2b7540ec7192197eefd4d7d5d1b28c2650d5c87', '47665090133', 1);
INSERT INTO `users` (`id`, `firstname`, `lastname`, `email`, `password_hash`, `phone`, `is_deleted`) VALUES ('55', 'Magdalen', 'Cummerata', 'annabel24@example.com', 'dade816504090d43827f9bca1a51f5cd44635691', '55498175350', 1);
INSERT INTO `users` (`id`, `firstname`, `lastname`, `email`, `password_hash`, `phone`, `is_deleted`) VALUES ('56', 'Newell', 'Hermiston', 'ayla.thompson@example.com', '54d8ca759387b9c7b6b8bb1109d24f65dc58ecf9', '44961458315', 1);
INSERT INTO `users` (`id`, `firstname`, `lastname`, `email`, `password_hash`, `phone`, `is_deleted`) VALUES ('57', 'Ernesto', 'Beatty', 'meagan.kohler@example.org', '074eda8debd8ab9f5506b13e88c05db464e4f56c', '62987869701', 1);
INSERT INTO `users` (`id`, `firstname`, `lastname`, `email`, `password_hash`, `phone`, `is_deleted`) VALUES ('58', 'Rodolfo', 'Weissnat', 'obarton@example.com', '754d1e7d87ed76f9f120e62e2bcc9b384eddbf5c', '20941148496', 0);
INSERT INTO `users` (`id`, `firstname`, `lastname`, `email`, `password_hash`, `phone`, `is_deleted`) VALUES ('59', 'Candace', 'Dare', 'heller.jocelyn@example.org', '81e63fbb059d158f8efc5ad98dd95ddcd99280b1', '39500946976', 1);
INSERT INTO `users` (`id`, `firstname`, `lastname`, `email`, `password_hash`, `phone`, `is_deleted`) VALUES ('60', 'Isabel', 'Jenkins', 'jdooley@example.net', '2563381963cbda05cd99c72485665a49e2d586cb', '67084233149', 1);
INSERT INTO `users` (`id`, `firstname`, `lastname`, `email`, `password_hash`, `phone`, `is_deleted`) VALUES ('61', 'Wilhelmine', 'Dare', 'tremblay.albertha@example.org', '28b7acece4287cce9289dc47cd65a8d323f6c2f3', '21425681386', 1);
INSERT INTO `users` (`id`, `firstname`, `lastname`, `email`, `password_hash`, `phone`, `is_deleted`) VALUES ('62', 'Manuela', 'Bergstrom', 'fjohnston@example.com', '67f78b2fc5b4fa644fbec191c19e37cbb5943d5f', '26090314940', 0);
INSERT INTO `users` (`id`, `firstname`, `lastname`, `email`, `password_hash`, `phone`, `is_deleted`) VALUES ('63', 'Taryn', 'Wunsch', 'oren90@example.com', '60763d6ad868352d0ef854581f725cade6e13d91', '1929817565', 0);
INSERT INTO `users` (`id`, `firstname`, `lastname`, `email`, `password_hash`, `phone`, `is_deleted`) VALUES ('64', 'Caterina', 'Bauch', 'pzboncak@example.org', '2a0b805cce2b24ce48e8db7af4cfb49b9fd8e64c', '21287279798', 0);
INSERT INTO `users` (`id`, `firstname`, `lastname`, `email`, `password_hash`, `phone`, `is_deleted`) VALUES ('65', 'Raleigh', 'O\'Connell', 'jmcdermott@example.com', '35270b58bb32030d4bb984d85783c2685eec938e', '28620801437', 0);
INSERT INTO `users` (`id`, `firstname`, `lastname`, `email`, `password_hash`, `phone`, `is_deleted`) VALUES ('66', 'Jeramy', 'Zboncak', 'jenkins.lester@example.net', 'c0d628d5ad0158051ca446b6009a7b8b134d4048', '65384999662', 1);
INSERT INTO `users` (`id`, `firstname`, `lastname`, `email`, `password_hash`, `phone`, `is_deleted`) VALUES ('67', 'Emilie', 'Ratke', 'kiley41@example.com', '755c21f62649917e765d3fc807e96fdfe9324da4', '74569954855', 0);
INSERT INTO `users` (`id`, `firstname`, `lastname`, `email`, `password_hash`, `phone`, `is_deleted`) VALUES ('68', 'Libbie', 'Boyer', 'lilly.maggio@example.net', 'bd10936dcd17647adf9c24d45d1846cba95e431a', '82200258768', 0);
INSERT INTO `users` (`id`, `firstname`, `lastname`, `email`, `password_hash`, `phone`, `is_deleted`) VALUES ('69', 'Mazie', 'Kling', 'williamson.elisabeth@example.org', '9f3d8d63c6d4ef61ced83bb1906b856244f8251b', '44156941962', 0);
INSERT INTO `users` (`id`, `firstname`, `lastname`, `email`, `password_hash`, `phone`, `is_deleted`) VALUES ('70', 'Felicia', 'Graham', 'lauriane.nicolas@example.com', '5dfcc7370b5cf3447d02277cd197fc69a38d4cd0', '71262179865', 1);
INSERT INTO `users` (`id`, `firstname`, `lastname`, `email`, `password_hash`, `phone`, `is_deleted`) VALUES ('71', 'Judah', 'Beahan', 'nico38@example.net', 'e6b0d7495e3c508f8c811eb8d36774a7445fcc9f', '70689404336', 1);
INSERT INTO `users` (`id`, `firstname`, `lastname`, `email`, `password_hash`, `phone`, `is_deleted`) VALUES ('72', 'Reinhold', 'Vandervort', 'trever.morar@example.com', '59ec37f096d98bf505d938db813360f3dbbec0c6', '65222058009', 0);
INSERT INTO `users` (`id`, `firstname`, `lastname`, `email`, `password_hash`, `phone`, `is_deleted`) VALUES ('73', 'Abigale', 'Cole', 'boehm.crystal@example.net', '4e1531ff4821b31cbf93556d2dbc167342bf6075', '10710155244', 1);
INSERT INTO `users` (`id`, `firstname`, `lastname`, `email`, `password_hash`, `phone`, `is_deleted`) VALUES ('74', 'Trevion', 'Kuhn', 'ajakubowski@example.org', '187d525928b3bf866830d4dddcb8812fb9d5d5ab', '45634107787', 0);
INSERT INTO `users` (`id`, `firstname`, `lastname`, `email`, `password_hash`, `phone`, `is_deleted`) VALUES ('75', 'Genoveva', 'Kiehn', 'jerad.pollich@example.com', '763cb2481709f09a3f1d5beeac21effde977b0f9', '25778936639', 1);
INSERT INTO `users` (`id`, `firstname`, `lastname`, `email`, `password_hash`, `phone`, `is_deleted`) VALUES ('76', 'Imogene', 'D\'Amore', 'rutherford.lowell@example.net', '8e3b2a23cec60f4439bf7563fcf4633f8d3324d6', '75497207077', 1);
INSERT INTO `users` (`id`, `firstname`, `lastname`, `email`, `password_hash`, `phone`, `is_deleted`) VALUES ('77', 'Luciano', 'Powlowski', 'gerlach.marilou@example.org', 'd35fa2dca7adf7be9c67b2e1c1e128af618fd11c', '76746907796', 0);
INSERT INTO `users` (`id`, `firstname`, `lastname`, `email`, `password_hash`, `phone`, `is_deleted`) VALUES ('78', 'Vance', 'Champlin', 'dessie.stamm@example.com', '1b1efbbd5f4048a031367aafe612c7eaf4dfc12c', '11206333813', 1);
INSERT INTO `users` (`id`, `firstname`, `lastname`, `email`, `password_hash`, `phone`, `is_deleted`) VALUES ('79', 'Ramona', 'Stark', 'lgrimes@example.org', '7f6ba2a2c1b769fde15538b595c83e6a23670b95', '51020505743', 0);
INSERT INTO `users` (`id`, `firstname`, `lastname`, `email`, `password_hash`, `phone`, `is_deleted`) VALUES ('80', 'Raegan', 'Wiza', 'adeline.jacobi@example.net', 'd396502a23bf192542de80d2eb70265fb0bcfcde', '13478539807', 1);
INSERT INTO `users` (`id`, `firstname`, `lastname`, `email`, `password_hash`, `phone`, `is_deleted`) VALUES ('81', 'Meredith', 'Sipes', 'ogrady@example.net', '01e54113e6ac91da55e32f6dc6c420c470a64455', '35641479840', 0);
INSERT INTO `users` (`id`, `firstname`, `lastname`, `email`, `password_hash`, `phone`, `is_deleted`) VALUES ('82', 'Olin', 'Koch', 'dejuan.block@example.org', '0790e15c2883fc5bf91db4562dd3af418125f60a', '43588632872', 0);
INSERT INTO `users` (`id`, `firstname`, `lastname`, `email`, `password_hash`, `phone`, `is_deleted`) VALUES ('83', 'Dewitt', 'Mitchell', 'rath.zechariah@example.net', '3a57291d04aef27a6b7913c27f34433438440015', '61309297258', 0);
INSERT INTO `users` (`id`, `firstname`, `lastname`, `email`, `password_hash`, `phone`, `is_deleted`) VALUES ('84', 'Retta', 'Sporer', 'keshawn.christiansen@example.org', '83abcd2d579d121dd04046e3ece8f003c48a859d', '85419582776', 1);
INSERT INTO `users` (`id`, `firstname`, `lastname`, `email`, `password_hash`, `phone`, `is_deleted`) VALUES ('85', 'Hailie', 'Gislason', 'kshlerin.caroline@example.org', '4a3a9fc72fb993f3d6496bd53ec9e1f98a1041c6', '4759252628', 0);
INSERT INTO `users` (`id`, `firstname`, `lastname`, `email`, `password_hash`, `phone`, `is_deleted`) VALUES ('86', 'Jarrod', 'White', 'lexi.ziemann@example.com', '26c81b880251da259c8bd658b06c160a1e402d87', '41164012770', 0);
INSERT INTO `users` (`id`, `firstname`, `lastname`, `email`, `password_hash`, `phone`, `is_deleted`) VALUES ('87', 'Braulio', 'Doyle', 'hans.christiansen@example.org', '7417f59b7006bf933321a1d76446f6b2aa52a3e9', '48642479660', 1);
INSERT INTO `users` (`id`, `firstname`, `lastname`, `email`, `password_hash`, `phone`, `is_deleted`) VALUES ('88', 'Maxie', 'Satterfield', 'holly.rohan@example.org', '1ac42e1d674e2c02b318f2b0ffc2d2e7b5ca74fd', '40635426917', 1);
INSERT INTO `users` (`id`, `firstname`, `lastname`, `email`, `password_hash`, `phone`, `is_deleted`) VALUES ('89', 'Otto', 'Schulist', 'hodkiewicz.ethyl@example.com', '19efeec29d2cc3988e7e36b8394e8266485ca86f', '21878361456', 1);
INSERT INTO `users` (`id`, `firstname`, `lastname`, `email`, `password_hash`, `phone`, `is_deleted`) VALUES ('90', 'Gabe', 'Klocko', 'lang.gerald@example.net', 'c7522cc3e018fb007cd26981bffdc59f94a54329', '9007142148', 0);
INSERT INTO `users` (`id`, `firstname`, `lastname`, `email`, `password_hash`, `phone`, `is_deleted`) VALUES ('91', 'Vada', 'Altenwerth', 'goodwin.larissa@example.com', '50dce5659d0914eb1cde90ae7e44202227612aba', '59119555212', 1);
INSERT INTO `users` (`id`, `firstname`, `lastname`, `email`, `password_hash`, `phone`, `is_deleted`) VALUES ('92', 'General', 'Strosin', 'modesto28@example.org', '61b2ab050ae97b805f50d48b223a663a388ea7c0', '56200501418', 0);
INSERT INTO `users` (`id`, `firstname`, `lastname`, `email`, `password_hash`, `phone`, `is_deleted`) VALUES ('93', 'Margie', 'O\'Keefe', 'cheyenne07@example.com', 'ba70f03a1d3677ad0ed385d0a797cef0153e37c2', '59088510217', 1);
INSERT INTO `users` (`id`, `firstname`, `lastname`, `email`, `password_hash`, `phone`, `is_deleted`) VALUES ('94', 'Aleen', 'Glover', 'roberts.gino@example.com', '99697a3c739ec243eb8eaff133dcefb0fad8e104', '83315552963', 0);
INSERT INTO `users` (`id`, `firstname`, `lastname`, `email`, `password_hash`, `phone`, `is_deleted`) VALUES ('95', 'Deron', 'Nikolaus', 'dereck.gutkowski@example.org', '977e352d1382f6746176ff17487c0be307a239d7', '47787437093', 0);
INSERT INTO `users` (`id`, `firstname`, `lastname`, `email`, `password_hash`, `phone`, `is_deleted`) VALUES ('96', 'Albin', 'Wehner', 'jschultz@example.net', 'c58f576946d2287fa43fb236bd21b074fe22a35e', '33597259750', 0);
INSERT INTO `users` (`id`, `firstname`, `lastname`, `email`, `password_hash`, `phone`, `is_deleted`) VALUES ('97', 'Salma', 'Schuster', 'lemke.cassandra@example.org', 'ea516f238183e5e91dc5a5533a0858719433f532', '43331924493', 1);
INSERT INTO `users` (`id`, `firstname`, `lastname`, `email`, `password_hash`, `phone`, `is_deleted`) VALUES ('98', 'Lennie', 'Swift', 'zieme.andreane@example.com', 'b8fb85f7b70295959840dd0595751899cf737e30', '47242674230', 1);
INSERT INTO `users` (`id`, `firstname`, `lastname`, `email`, `password_hash`, `phone`, `is_deleted`) VALUES ('99', 'Sister', 'Gutkowski', 'monahan.tyreek@example.org', '7d211790825993fc962e87c2b41d85d9f2631adc', '48226101498', 0);
INSERT INTO `users` (`id`, `firstname`, `lastname`, `email`, `password_hash`, `phone`, `is_deleted`) VALUES ('100', 'Camryn', 'Littel', 'vjakubowski@example.com', '234e86d4a9ff74373e00951942c91820c6479b8b', '56691409060', 1);



INSERT INTO `media_types` (`id`, `name`, `created_at`, `updated_at`) VALUES ('1', 'video', '1994-01-07 00:16:41', '1978-05-01 00:38:16');
INSERT INTO `media_types` (`id`, `name`, `created_at`, `updated_at`) VALUES ('2', 'music', '2017-12-13 06:41:34', '1994-11-07 17:02:59');
INSERT INTO `media_types` (`id`, `name`, `created_at`, `updated_at`) VALUES ('3', 'movie', '2019-05-23 18:39:55', '1971-09-15 18:15:15');
INSERT INTO `media_types` (`id`, `name`, `created_at`, `updated_at`) VALUES ('4', 'news', '2011-09-28 14:13:01', '2016-11-25 18:17:50');
INSERT INTO `media_types` (`id`, `name`, `created_at`, `updated_at`) VALUES ('5', 'games', '1982-06-03 21:55:44', '1977-06-02 03:14:38');
INSERT INTO `media_types` (`id`, `name`, `created_at`, `updated_at`) VALUES ('6', 'sound', '1980-10-10 19:15:28', '2008-06-10 03:28:19');
INSERT INTO `media_types` (`id`, `name`, `created_at`, `updated_at`) VALUES ('7', 'text', '2002-09-01 01:54:51', '2006-05-17 11:06:12');
INSERT INTO `media_types` (`id`, `name`, `created_at`, `updated_at`) VALUES ('8', 'magazine', '1983-06-11 13:38:17', '2003-07-12 03:42:22');
INSERT INTO `media_types` (`id`, `name`, `created_at`, `updated_at`) VALUES ('9', 'clip', '1996-04-03 00:58:27', '1973-03-16 08:15:01');
INSERT INTO `media_types` (`id`, `name`, `created_at`, `updated_at`) VALUES ('10', 'signboard', '2000-02-02 05:05:31', '2018-07-23 23:01:14');



INSERT INTO `media` (`id`, `media_type_id`, `user_id`, `body`, `filename`, `size`, `metadata`, `created_at`, `updated_at`) VALUES ('1', '8', '13', 'Sit aspernatur ab fuga et vel. Dolorem incidunt reiciendis doloribus velit quasi labore. Alias omnis fuga inventore natus.', 'adipisci', 915, NULL, '1991-09-30 07:13:05', '1983-11-05 18:23:41');
INSERT INTO `media` (`id`, `media_type_id`, `user_id`, `body`, `filename`, `size`, `metadata`, `created_at`, `updated_at`) VALUES ('2', '10', '83', 'Quia ut veritatis delectus sit. Earum veritatis autem nulla beatae enim quasi.', 'beatae', 6317, NULL, '2008-07-27 13:56:15', '1973-03-09 00:14:51');
INSERT INTO `media` (`id`, `media_type_id`, `user_id`, `body`, `filename`, `size`, `metadata`, `created_at`, `updated_at`) VALUES ('3', '7', '69', 'Quis harum ratione aperiam sint. Iusto sed nam possimus eum vel.', 'accusantium', 1, NULL, '2010-10-04 16:04:34', '1976-05-04 04:18:51');
INSERT INTO `media` (`id`, `media_type_id`, `user_id`, `body`, `filename`, `size`, `metadata`, `created_at`, `updated_at`) VALUES ('4', '7', '8', 'Eum vitae est ad dolores est nobis. Repudiandae aut quia magni. Eum sit et dignissimos. Quia aut explicabo necessitatibus est.', 'officia', 9, NULL, '1973-06-04 18:17:41', '2001-10-07 14:39:11');
INSERT INTO `media` (`id`, `media_type_id`, `user_id`, `body`, `filename`, `size`, `metadata`, `created_at`, `updated_at`) VALUES ('5', '7', '14', 'Numquam consectetur aut consectetur adipisci beatae. Neque excepturi nemo pariatur aut vitae in enim nulla. Sed deserunt autem asperiores nemo voluptas est. Repellat consequatur sit quos quam enim.', 'accusantium', 31646281, NULL, '2014-09-26 15:10:58', '2020-07-12 05:40:13');
INSERT INTO `media` (`id`, `media_type_id`, `user_id`, `body`, `filename`, `size`, `metadata`, `created_at`, `updated_at`) VALUES ('6', '7', '81', 'Dignissimos aperiam sit ducimus harum quia. Ea voluptate deleniti quae temporibus sint tenetur illum. Sunt est dolor dignissimos et voluptas nemo numquam. In architecto odit sed eum quos dicta ut at.', 'ut', 8, NULL, '1971-10-25 08:14:28', '1993-03-26 16:06:34');
INSERT INTO `media` (`id`, `media_type_id`, `user_id`, `body`, `filename`, `size`, `metadata`, `created_at`, `updated_at`) VALUES ('7', '2', '4', 'Molestias sed iste ducimus pariatur voluptas consectetur. Quo eligendi quis dolore rerum laborum. Similique qui harum eos exercitationem incidunt sed aliquid quo. Architecto quos quia voluptas culpa ut a quia ut.', 'natus', 0, NULL, '1970-02-21 08:59:22', '1999-02-21 18:52:05');
INSERT INTO `media` (`id`, `media_type_id`, `user_id`, `body`, `filename`, `size`, `metadata`, `created_at`, `updated_at`) VALUES ('8', '6', '53', 'Repellat tempora impedit vel autem ab doloribus. Officia dolores porro debitis et sed. Facilis sed exercitationem voluptatem similique nihil rerum nulla.', 'velit', 0, NULL, '2012-03-19 21:06:53', '2000-03-20 07:34:10');
INSERT INTO `media` (`id`, `media_type_id`, `user_id`, `body`, `filename`, `size`, `metadata`, `created_at`, `updated_at`) VALUES ('9', '1', '39', 'Et quisquam et et natus. Quisquam ut aperiam porro impedit.', 'rerum', 560501, NULL, '1988-03-10 01:36:37', '1970-11-19 07:28:34');
INSERT INTO `media` (`id`, `media_type_id`, `user_id`, `body`, `filename`, `size`, `metadata`, `created_at`, `updated_at`) VALUES ('10', '6', '37', 'Est expedita ea iusto. Voluptas sit hic natus velit tempora ut et. Quis assumenda sed vitae voluptatibus reprehenderit earum maxime.', 'assumenda', 8285041, NULL, '2009-11-04 14:52:13', '2001-04-11 06:42:08');
INSERT INTO `media` (`id`, `media_type_id`, `user_id`, `body`, `filename`, `size`, `metadata`, `created_at`, `updated_at`) VALUES ('11', '3', '26', 'Quisquam impedit reprehenderit necessitatibus ut. Commodi voluptas voluptatem consectetur ducimus voluptate voluptates id. Pariatur consequatur aut earum dolorem quae.', 'nihil', 0, NULL, '1991-02-09 06:00:06', '1988-06-12 07:39:15');
INSERT INTO `media` (`id`, `media_type_id`, `user_id`, `body`, `filename`, `size`, `metadata`, `created_at`, `updated_at`) VALUES ('12', '10', '63', 'Necessitatibus distinctio maxime et officiis praesentium. Voluptas eos nesciunt eos nihil corporis. Id distinctio et et cupiditate sit necessitatibus eum. Ut ut autem fuga assumenda eum illo quia.', 'ea', 525, NULL, '2006-11-13 20:45:12', '1989-08-03 21:01:28');
INSERT INTO `media` (`id`, `media_type_id`, `user_id`, `body`, `filename`, `size`, `metadata`, `created_at`, `updated_at`) VALUES ('13', '1', '45', 'Aut dolores rem quidem nostrum quae. Sit recusandae numquam nobis et autem placeat. Aut nemo accusantium qui.', 'ut', 44, NULL, '1979-06-17 20:07:23', '2020-08-19 09:26:11');
INSERT INTO `media` (`id`, `media_type_id`, `user_id`, `body`, `filename`, `size`, `metadata`, `created_at`, `updated_at`) VALUES ('14', '9', '12', 'Praesentium labore ipsam fuga. Eum officiis adipisci sint commodi. Non voluptatum unde quidem alias eos. Fugiat qui molestiae voluptatibus velit non beatae.', 'perspiciatis', 10761, NULL, '2003-12-06 22:44:06', '2002-12-06 00:00:44');
INSERT INTO `media` (`id`, `media_type_id`, `user_id`, `body`, `filename`, `size`, `metadata`, `created_at`, `updated_at`) VALUES ('15', '6', '9', 'Aut dicta est excepturi iste et nostrum quas sed. Voluptatem eos exercitationem impedit officiis in deserunt error dicta. Rem qui molestiae qui et odio quisquam.', 'praesentium', 0, NULL, '2007-07-21 17:03:36', '2019-05-07 16:07:37');
INSERT INTO `media` (`id`, `media_type_id`, `user_id`, `body`, `filename`, `size`, `metadata`, `created_at`, `updated_at`) VALUES ('16', '9', '87', 'Tempora in soluta aut quae ut molestiae omnis nesciunt. Vitae eveniet magni id deserunt quis dolorem perspiciatis libero. Libero eligendi omnis qui modi sint eaque sunt. Est cumque quasi et et reprehenderit.', 'doloremque', 75693611, NULL, '1986-10-23 23:22:46', '1996-07-29 14:27:47');
INSERT INTO `media` (`id`, `media_type_id`, `user_id`, `body`, `filename`, `size`, `metadata`, `created_at`, `updated_at`) VALUES ('17', '4', '80', 'Est deserunt voluptates quae necessitatibus doloremque ut sapiente. Quidem voluptates aliquid aliquam dolor aliquid. Sunt quia unde repudiandae.', 'atque', 304328, NULL, '1995-12-08 04:56:15', '1987-05-19 22:37:15');
INSERT INTO `media` (`id`, `media_type_id`, `user_id`, `body`, `filename`, `size`, `metadata`, `created_at`, `updated_at`) VALUES ('18', '6', '33', 'Unde quia consequatur suscipit deserunt dolore et. Veritatis cupiditate voluptatem provident et voluptate.', 'optio', 75801578, NULL, '2000-12-28 23:45:14', '2014-12-01 12:22:49');
INSERT INTO `media` (`id`, `media_type_id`, `user_id`, `body`, `filename`, `size`, `metadata`, `created_at`, `updated_at`) VALUES ('19', '10', '8', 'Aut ipsum est qui. Reiciendis enim qui omnis amet ipsam impedit sit asperiores. Dolor eum rerum nemo consectetur.', 'consequuntur', 1733, NULL, '2015-04-20 03:20:09', '2008-12-27 11:51:06');
INSERT INTO `media` (`id`, `media_type_id`, `user_id`, `body`, `filename`, `size`, `metadata`, `created_at`, `updated_at`) VALUES ('20', '10', '85', 'Iusto est dicta quibusdam. Enim officia magni et mollitia iusto placeat. Voluptate rem impedit laudantium quo non. Velit facilis libero voluptatem.', 'minima', 451556434, NULL, '2004-08-21 23:21:22', '1979-12-13 21:54:29');
INSERT INTO `media` (`id`, `media_type_id`, `user_id`, `body`, `filename`, `size`, `metadata`, `created_at`, `updated_at`) VALUES ('21', '5', '99', 'Et repellat incidunt maiores consequuntur quisquam laboriosam voluptas. Voluptas aspernatur exercitationem explicabo laborum voluptate unde nesciunt. Sed minus aspernatur laborum esse consectetur iure officiis.', 'aut', 3834, NULL, '1997-12-30 21:51:11', '1991-04-08 23:34:12');
INSERT INTO `media` (`id`, `media_type_id`, `user_id`, `body`, `filename`, `size`, `metadata`, `created_at`, `updated_at`) VALUES ('22', '1', '12', 'Sunt molestias debitis nisi et vitae aut nihil. Temporibus atque debitis ipsam aut quas et velit. A voluptate dolores non nulla est. Deserunt fugiat alias neque esse cum unde hic. Corrupti qui et ullam earum.', 'modi', 0, NULL, '1997-04-28 09:30:40', '1990-12-24 10:59:28');
INSERT INTO `media` (`id`, `media_type_id`, `user_id`, `body`, `filename`, `size`, `metadata`, `created_at`, `updated_at`) VALUES ('23', '4', '10', 'Iste aut a nulla recusandae quasi et rem quia. Facilis fugiat ducimus occaecati sed pariatur quo. Quis repellendus molestiae consequatur tenetur dolores ratione. Atque laboriosam repellendus omnis ut.', 'molestiae', 502915, NULL, '1985-07-20 14:14:02', '2016-02-25 19:34:52');
INSERT INTO `media` (`id`, `media_type_id`, `user_id`, `body`, `filename`, `size`, `metadata`, `created_at`, `updated_at`) VALUES ('24', '1', '11', 'Quis veritatis in ratione maiores accusamus et. Vitae cum consequatur excepturi fugit ipsam quae rerum. Nostrum ab quia soluta doloribus ratione optio. Eaque assumenda at accusamus assumenda et in.', 'magni', 5663379, NULL, '1980-02-02 12:07:52', '1995-10-02 02:12:32');
INSERT INTO `media` (`id`, `media_type_id`, `user_id`, `body`, `filename`, `size`, `metadata`, `created_at`, `updated_at`) VALUES ('25', '6', '36', 'Ab error laboriosam et voluptas esse magni. Quo ea porro sed molestiae excepturi est non. Quod et voluptas voluptatum saepe praesentium. Ea cupiditate nobis voluptatum. Et ut sequi earum in labore est assumenda explicabo.', 'nesciunt', 4, NULL, '1985-03-22 19:21:26', '2001-06-08 11:16:52');
INSERT INTO `media` (`id`, `media_type_id`, `user_id`, `body`, `filename`, `size`, `metadata`, `created_at`, `updated_at`) VALUES ('26', '6', '36', 'Esse explicabo maxime ex ipsum. Blanditiis dolores aspernatur quidem quo ea. Esse tempora consequuntur quidem cupiditate est explicabo porro delectus. Nostrum sed veniam nam et quia quos.', 'velit', 4, NULL, '1985-04-05 01:13:07', '1991-08-06 02:42:59');
INSERT INTO `media` (`id`, `media_type_id`, `user_id`, `body`, `filename`, `size`, `metadata`, `created_at`, `updated_at`) VALUES ('27', '4', '47', 'Commodi iste accusantium itaque quia vel quia. Culpa fuga fugiat in nisi dolores sint autem. Eligendi maxime quod sunt aut.', 'et', 9292400, NULL, '2015-02-02 23:22:41', '1991-11-12 08:21:54');
INSERT INTO `media` (`id`, `media_type_id`, `user_id`, `body`, `filename`, `size`, `metadata`, `created_at`, `updated_at`) VALUES ('28', '10', '59', 'Qui deleniti repellat nihil fuga. Nostrum sed vero est. Similique voluptatum et voluptate omnis qui perspiciatis minima consequatur. Eveniet ut asperiores temporibus repellendus dolores porro.', 'ullam', 868581, NULL, '2015-10-30 04:47:01', '2002-08-14 15:33:31');
INSERT INTO `media` (`id`, `media_type_id`, `user_id`, `body`, `filename`, `size`, `metadata`, `created_at`, `updated_at`) VALUES ('29', '8', '40', 'Ratione qui ratione sint est enim nostrum. Et laudantium neque facere sint. Occaecati ea et autem aspernatur dolorem commodi. Iusto at enim omnis eaque.', 'atque', 6799, NULL, '2015-06-24 04:19:15', '2020-08-18 03:55:04');
INSERT INTO `media` (`id`, `media_type_id`, `user_id`, `body`, `filename`, `size`, `metadata`, `created_at`, `updated_at`) VALUES ('30', '7', '90', 'Deserunt non est illo et in saepe beatae. Laudantium molestiae rerum at et rerum et laudantium. Voluptate voluptatem illum consequuntur optio officia illo dolor.', 'id', 7, NULL, '1991-02-24 02:48:14', '1975-07-17 22:51:25');
INSERT INTO `media` (`id`, `media_type_id`, `user_id`, `body`, `filename`, `size`, `metadata`, `created_at`, `updated_at`) VALUES ('31', '8', '6', 'Similique consequatur saepe officiis. Eum ad soluta reiciendis neque. Corrupti vel architecto fuga quia molestias cum dolore.', 'omnis', 0, NULL, '1998-01-14 20:59:32', '2005-10-02 03:21:26');
INSERT INTO `media` (`id`, `media_type_id`, `user_id`, `body`, `filename`, `size`, `metadata`, `created_at`, `updated_at`) VALUES ('32', '2', '53', 'Et dicta ullam earum voluptatem occaecati. Illo natus quia ut deserunt est illo. Quibusdam velit vel omnis necessitatibus assumenda aut. Et debitis est non eaque non.', 'non', 4835, NULL, '2003-06-30 18:04:50', '2013-01-24 13:02:28');
INSERT INTO `media` (`id`, `media_type_id`, `user_id`, `body`, `filename`, `size`, `metadata`, `created_at`, `updated_at`) VALUES ('33', '8', '40', 'Ut velit quidem voluptas. Dolorem omnis quo sunt velit sit. Esse vero dolore dolore minus nostrum labore suscipit id.', 'est', 84730, NULL, '1971-11-20 09:43:38', '2006-12-30 17:35:41');
INSERT INTO `media` (`id`, `media_type_id`, `user_id`, `body`, `filename`, `size`, `metadata`, `created_at`, `updated_at`) VALUES ('34', '2', '48', 'Tempora odit vel voluptatibus et dolore tempore autem. Est aut modi in quo dolores ut. Qui nisi ullam incidunt delectus. Aut molestiae est commodi sit magnam. Asperiores id nemo officiis.', 'vel', 0, NULL, '1986-05-26 08:41:49', '1990-11-02 02:27:00');
INSERT INTO `media` (`id`, `media_type_id`, `user_id`, `body`, `filename`, `size`, `metadata`, `created_at`, `updated_at`) VALUES ('35', '1', '50', 'Numquam sed modi veritatis. Qui ut est excepturi modi ut.', 'facere', 237979855, NULL, '1989-10-15 16:52:01', '1992-08-30 23:34:04');
INSERT INTO `media` (`id`, `media_type_id`, `user_id`, `body`, `filename`, `size`, `metadata`, `created_at`, `updated_at`) VALUES ('36', '6', '51', 'Quos velit voluptatem libero aliquid. Fuga consectetur sit quia ab neque et. Earum rerum sint sit pariatur ut. Nam laborum ut delectus at porro amet.', 'ratione', 0, NULL, '2006-09-30 07:38:10', '2005-02-07 13:59:08');
INSERT INTO `media` (`id`, `media_type_id`, `user_id`, `body`, `filename`, `size`, `metadata`, `created_at`, `updated_at`) VALUES ('37', '6', '11', 'Eos necessitatibus autem maxime. Eum illum accusantium iste quia quisquam tempore. Itaque necessitatibus vitae aspernatur facere sit tenetur.', 'aspernatur', 10765, NULL, '1982-04-17 22:01:59', '1982-03-11 04:46:14');
INSERT INTO `media` (`id`, `media_type_id`, `user_id`, `body`, `filename`, `size`, `metadata`, `created_at`, `updated_at`) VALUES ('38', '1', '81', 'Sit qui vero ut aut necessitatibus fuga ut. Temporibus corporis vel distinctio et voluptas qui aut rerum. Amet accusamus maxime deserunt aliquid et. Expedita assumenda ex quis eos earum.', 'aut', 0, NULL, '2021-03-29 17:15:49', '2018-10-25 02:01:17');
INSERT INTO `media` (`id`, `media_type_id`, `user_id`, `body`, `filename`, `size`, `metadata`, `created_at`, `updated_at`) VALUES ('39', '2', '94', 'Possimus ut veritatis reprehenderit velit. Id quisquam aut et est qui fuga ullam. Commodi nobis sapiente hic.', 'quae', 9892, NULL, '2018-10-31 14:42:03', '1971-01-28 18:28:34');
INSERT INTO `media` (`id`, `media_type_id`, `user_id`, `body`, `filename`, `size`, `metadata`, `created_at`, `updated_at`) VALUES ('40', '1', '52', 'Repudiandae eos hic blanditiis laboriosam voluptas suscipit esse. Placeat qui qui aspernatur cumque vel ea autem. Molestias illum distinctio labore veritatis. Nam omnis a cum.', 'eum', 918467, NULL, '1973-07-16 11:37:30', '2018-05-22 10:04:59');
INSERT INTO `media` (`id`, `media_type_id`, `user_id`, `body`, `filename`, `size`, `metadata`, `created_at`, `updated_at`) VALUES ('41', '3', '76', 'Qui laboriosam atque non autem laboriosam a. Commodi quam eum eum quia necessitatibus nihil tempore. Quo praesentium consectetur quasi omnis.', 'aperiam', 2865645, NULL, '1978-02-12 15:05:42', '1990-10-28 12:55:15');
INSERT INTO `media` (`id`, `media_type_id`, `user_id`, `body`, `filename`, `size`, `metadata`, `created_at`, `updated_at`) VALUES ('42', '6', '5', 'Suscipit nostrum amet voluptate dignissimos. Voluptas omnis ut animi laudantium occaecati. Adipisci laboriosam placeat accusamus ad laudantium.', 'accusamus', 0, NULL, '1986-01-19 02:02:51', '1971-10-20 18:14:37');
INSERT INTO `media` (`id`, `media_type_id`, `user_id`, `body`, `filename`, `size`, `metadata`, `created_at`, `updated_at`) VALUES ('43', '10', '69', 'Ex accusamus ut voluptatibus ut quo architecto voluptatum. Velit eveniet tempore doloremque iusto. Dolorum sit ab tempore est quia omnis. Sint ea officia aut illum sit veritatis laboriosam vero. Eos et dolorem illo.', 'voluptate', 0, NULL, '2004-08-01 08:26:02', '1978-11-09 19:01:57');
INSERT INTO `media` (`id`, `media_type_id`, `user_id`, `body`, `filename`, `size`, `metadata`, `created_at`, `updated_at`) VALUES ('44', '6', '26', 'Sit sequi officiis atque praesentium repellendus impedit impedit aperiam. Sit et explicabo nemo deserunt sit voluptatum quibusdam rerum. Quas nisi unde quas et minima consequuntur.', 'animi', 600258, NULL, '1993-03-05 06:58:03', '1981-10-21 05:16:46');
INSERT INTO `media` (`id`, `media_type_id`, `user_id`, `body`, `filename`, `size`, `metadata`, `created_at`, `updated_at`) VALUES ('45', '5', '58', 'Ipsam sit veritatis deleniti possimus esse quia rerum. Sunt non autem architecto quo. Aspernatur fugit eveniet enim ullam autem enim. In qui modi eius sed nisi molestiae.', 'aspernatur', 374, NULL, '1987-02-27 09:19:22', '1985-09-01 05:38:44');
INSERT INTO `media` (`id`, `media_type_id`, `user_id`, `body`, `filename`, `size`, `metadata`, `created_at`, `updated_at`) VALUES ('46', '10', '38', 'Aut vel eos est nam id expedita. Impedit natus dolorem totam vel nihil. Enim voluptatem cumque sed dolore repellat expedita facilis voluptatibus. Odio recusandae est culpa asperiores quia.', 'et', 5, NULL, '2013-12-11 13:35:38', '2005-12-12 19:35:07');
INSERT INTO `media` (`id`, `media_type_id`, `user_id`, `body`, `filename`, `size`, `metadata`, `created_at`, `updated_at`) VALUES ('47', '4', '82', 'Omnis officia voluptatem exercitationem et et sit. Iure molestias illo quia. Exercitationem numquam ut sed quia ex sint ab vel.', 'excepturi', 1176, NULL, '1983-06-02 08:12:57', '1981-07-24 04:20:58');
INSERT INTO `media` (`id`, `media_type_id`, `user_id`, `body`, `filename`, `size`, `metadata`, `created_at`, `updated_at`) VALUES ('48', '3', '87', 'Ut qui officiis facere tenetur est facere molestias. Maxime ut nihil enim repellat sunt et. Iure quia odit nulla minus eum aut aut.', 'animi', 0, NULL, '2000-08-17 12:09:29', '2000-08-27 13:51:39');
INSERT INTO `media` (`id`, `media_type_id`, `user_id`, `body`, `filename`, `size`, `metadata`, `created_at`, `updated_at`) VALUES ('49', '9', '52', 'Aliquid occaecati at quo qui. Ratione veniam facilis harum iure. Officia cupiditate unde sit iure voluptatem eos. Optio eveniet reiciendis et occaecati distinctio.', 'ut', 512, NULL, '1994-03-27 03:40:53', '1975-07-22 19:53:42');
INSERT INTO `media` (`id`, `media_type_id`, `user_id`, `body`, `filename`, `size`, `metadata`, `created_at`, `updated_at`) VALUES ('50', '6', '82', 'Minus dolorem et beatae repellendus quia asperiores similique omnis. Quia recusandae fugiat impedit velit nulla quo. Excepturi sunt molestias iste consequatur temporibus reprehenderit et. Reiciendis magnam quia non aspernatur voluptatem minima.', 'ut', 160962971, NULL, '1986-03-07 15:39:48', '2014-09-08 02:00:56');
INSERT INTO `media` (`id`, `media_type_id`, `user_id`, `body`, `filename`, `size`, `metadata`, `created_at`, `updated_at`) VALUES ('51', '6', '2', 'Qui recusandae quia non aliquam et. Eos rerum beatae alias labore aliquid fuga. Voluptatem atque ipsa itaque asperiores repellat. Repellendus voluptatem fuga a sint facere reprehenderit ratione libero. Similique maiores aut dolore molestias omnis voluptate.', 'rerum', 39106313, NULL, '2020-09-10 12:29:15', '1981-01-16 17:33:55');
INSERT INTO `media` (`id`, `media_type_id`, `user_id`, `body`, `filename`, `size`, `metadata`, `created_at`, `updated_at`) VALUES ('52', '4', '37', 'Porro qui vero nam est aut et sunt. In placeat et consequatur consectetur. Deleniti velit aliquam omnis ratione et.', 'debitis', 54, NULL, '1991-08-23 15:26:53', '2008-05-29 01:40:38');
INSERT INTO `media` (`id`, `media_type_id`, `user_id`, `body`, `filename`, `size`, `metadata`, `created_at`, `updated_at`) VALUES ('53', '9', '41', 'Maiores sed enim ea fugiat laborum. Est impedit et sapiente. Eligendi quos quae et exercitationem veniam neque.', 'voluptatem', 452, NULL, '1999-02-01 19:12:38', '2007-05-31 02:27:25');
INSERT INTO `media` (`id`, `media_type_id`, `user_id`, `body`, `filename`, `size`, `metadata`, `created_at`, `updated_at`) VALUES ('54', '7', '70', 'Consequatur earum perferendis quis dignissimos voluptatibus omnis et. Vero rem rerum ut rerum alias. Rerum quia id sit quia et quo et.', 'deserunt', 7661529, NULL, '1987-04-23 03:16:31', '1992-08-09 15:21:09');
INSERT INTO `media` (`id`, `media_type_id`, `user_id`, `body`, `filename`, `size`, `metadata`, `created_at`, `updated_at`) VALUES ('55', '1', '62', 'Est minus omnis earum voluptatem aliquam. Vel molestiae nihil sed quod voluptatem. Iste quis perspiciatis qui pariatur quod qui nisi. Nihil nulla explicabo aliquam facilis necessitatibus vitae.', 'autem', 809347, NULL, '1978-06-06 23:02:16', '1992-07-02 23:37:10');
INSERT INTO `media` (`id`, `media_type_id`, `user_id`, `body`, `filename`, `size`, `metadata`, `created_at`, `updated_at`) VALUES ('56', '9', '16', 'Et dolores sit quisquam. Non dicta ipsum non enim officiis.', 'eum', 72524, NULL, '2000-04-10 13:01:35', '1974-07-31 19:10:16');
INSERT INTO `media` (`id`, `media_type_id`, `user_id`, `body`, `filename`, `size`, `metadata`, `created_at`, `updated_at`) VALUES ('57', '2', '69', 'Alias ea sunt deleniti voluptatem. Cupiditate voluptatem harum architecto odio. Voluptatem illum voluptas quia ut soluta soluta dolorem. Illum numquam hic perspiciatis magnam non sint.', 'omnis', 4075, NULL, '1982-02-09 20:15:22', '2019-04-07 04:44:20');
INSERT INTO `media` (`id`, `media_type_id`, `user_id`, `body`, `filename`, `size`, `metadata`, `created_at`, `updated_at`) VALUES ('58', '5', '44', 'Minus dolorum et rerum vel nam adipisci necessitatibus. In libero voluptas consequatur qui praesentium. Ad quaerat odit repudiandae magni sint iusto. Neque sit aut quam est quia.', 'doloribus', 453763411, NULL, '1977-05-26 16:29:47', '2021-09-01 05:45:39');
INSERT INTO `media` (`id`, `media_type_id`, `user_id`, `body`, `filename`, `size`, `metadata`, `created_at`, `updated_at`) VALUES ('59', '6', '100', 'Facere aliquid nobis expedita est. Recusandae quod quis consequatur illo qui est. Voluptas est nisi temporibus.', 'facilis', 5, NULL, '2014-12-31 20:58:16', '1991-01-25 18:46:36');
INSERT INTO `media` (`id`, `media_type_id`, `user_id`, `body`, `filename`, `size`, `metadata`, `created_at`, `updated_at`) VALUES ('60', '5', '10', 'Voluptates voluptas aut animi. Id aut unde eum qui praesentium. Sed consectetur reiciendis cum eius. Deleniti dicta veritatis delectus facilis.', 'dicta', 0, NULL, '1976-11-22 19:38:42', '1975-09-02 12:44:49');
INSERT INTO `media` (`id`, `media_type_id`, `user_id`, `body`, `filename`, `size`, `metadata`, `created_at`, `updated_at`) VALUES ('61', '7', '53', 'Voluptatem molestias numquam necessitatibus rem quia ad. Quod suscipit iste et est illum mollitia beatae qui. Ratione accusamus deserunt quam nemo.', 'quo', 0, NULL, '1995-08-26 05:38:56', '2002-08-25 03:53:20');
INSERT INTO `media` (`id`, `media_type_id`, `user_id`, `body`, `filename`, `size`, `metadata`, `created_at`, `updated_at`) VALUES ('62', '10', '46', 'Tempore quas possimus molestiae sit. Id sed ut aut. Itaque aliquid aperiam quibusdam voluptas.', 'aut', 685908, NULL, '1976-08-05 23:07:08', '1974-07-03 15:03:14');
INSERT INTO `media` (`id`, `media_type_id`, `user_id`, `body`, `filename`, `size`, `metadata`, `created_at`, `updated_at`) VALUES ('63', '2', '76', 'A error omnis aut nihil voluptas quas ut. Odit qui amet quis nobis ut natus. Unde ipsum facere ut id excepturi laborum.', 'sit', 78, NULL, '2011-08-13 20:10:20', '1983-05-14 01:12:09');
INSERT INTO `media` (`id`, `media_type_id`, `user_id`, `body`, `filename`, `size`, `metadata`, `created_at`, `updated_at`) VALUES ('64', '2', '26', 'Cum laborum iure reprehenderit qui perferendis perferendis fugiat. Molestias alias rerum aut maiores asperiores beatae aut. Quia vel doloribus omnis perspiciatis eius nesciunt est.', 'qui', 9001067, NULL, '1972-11-22 21:17:52', '2015-05-07 01:06:06');
INSERT INTO `media` (`id`, `media_type_id`, `user_id`, `body`, `filename`, `size`, `metadata`, `created_at`, `updated_at`) VALUES ('65', '2', '23', 'Rem consequatur tenetur enim possimus quia quasi sit. Earum sed et nostrum exercitationem fugiat reprehenderit. Temporibus exercitationem illo doloribus dolores nihil impedit sit. A rerum ea illum et esse.', 'voluptatibus', 3934776, NULL, '2020-08-11 22:17:15', '2012-01-30 19:58:19');
INSERT INTO `media` (`id`, `media_type_id`, `user_id`, `body`, `filename`, `size`, `metadata`, `created_at`, `updated_at`) VALUES ('66', '8', '83', 'Quasi sit a iure molestiae. Quia praesentium ut facilis omnis. Ipsum architecto non fugit quis in.', 'nemo', 671744, NULL, '2022-03-20 01:52:53', '1978-06-12 07:06:20');
INSERT INTO `media` (`id`, `media_type_id`, `user_id`, `body`, `filename`, `size`, `metadata`, `created_at`, `updated_at`) VALUES ('67', '3', '78', 'Voluptatem hic facere pariatur aliquam et. Porro maiores eveniet recusandae maxime temporibus perferendis.', 'adipisci', 497, NULL, '2001-05-20 17:13:19', '1978-02-02 05:10:02');
INSERT INTO `media` (`id`, `media_type_id`, `user_id`, `body`, `filename`, `size`, `metadata`, `created_at`, `updated_at`) VALUES ('68', '8', '88', 'Vero et minus est quibusdam dolorem vel consequatur. Perspiciatis rerum a voluptatum praesentium suscipit eos hic. Eos aut rem quaerat aut ut ea fuga. Ut cupiditate quasi omnis officiis dicta.', 'voluptates', 193279, NULL, '2003-10-28 20:04:22', '1985-02-26 00:06:41');
INSERT INTO `media` (`id`, `media_type_id`, `user_id`, `body`, `filename`, `size`, `metadata`, `created_at`, `updated_at`) VALUES ('69', '6', '9', 'Architecto modi velit quisquam maiores. Fugit voluptatibus magni officia eius tenetur tenetur veniam. Nihil voluptatem sit nam rerum. Et tenetur labore velit deleniti ipsum nobis.', 'veritatis', 1910, NULL, '1983-05-01 01:38:42', '1998-10-13 02:17:59');
INSERT INTO `media` (`id`, `media_type_id`, `user_id`, `body`, `filename`, `size`, `metadata`, `created_at`, `updated_at`) VALUES ('70', '10', '15', 'Dolor atque est voluptatem nisi. Dicta ipsum cupiditate quo sapiente repellat. Dolores exercitationem quia quo sequi omnis iste quo. Quia sunt itaque aut non ut voluptas ullam.', 'pariatur', 56, NULL, '2018-08-14 11:29:26', '1989-08-19 04:23:53');
INSERT INTO `media` (`id`, `media_type_id`, `user_id`, `body`, `filename`, `size`, `metadata`, `created_at`, `updated_at`) VALUES ('71', '8', '51', 'Architecto tempore alias dolor mollitia. Omnis aut ullam quis sed quae ut. Fugiat modi quis maiores accusamus magnam. Ex earum explicabo consequatur et molestiae vel. Reprehenderit rem ipsum reiciendis.', 'aspernatur', 4194, NULL, '1985-05-27 06:52:13', '1986-04-28 02:04:02');
INSERT INTO `media` (`id`, `media_type_id`, `user_id`, `body`, `filename`, `size`, `metadata`, `created_at`, `updated_at`) VALUES ('72', '10', '73', 'Esse accusamus est accusamus. Autem cumque iste rerum culpa.', 'omnis', 72, NULL, '2021-01-11 00:24:15', '2006-05-30 00:59:02');
INSERT INTO `media` (`id`, `media_type_id`, `user_id`, `body`, `filename`, `size`, `metadata`, `created_at`, `updated_at`) VALUES ('73', '1', '29', 'Itaque repellat aut neque et accusamus. Eius voluptatem accusantium eos neque distinctio saepe. Praesentium iure quis excepturi consequatur provident est.', 'aliquam', 15348, NULL, '1992-05-10 23:13:31', '1995-08-19 01:35:16');
INSERT INTO `media` (`id`, `media_type_id`, `user_id`, `body`, `filename`, `size`, `metadata`, `created_at`, `updated_at`) VALUES ('74', '2', '100', 'Ut aliquid illo dignissimos qui dolore dolore odio. Ut nihil impedit blanditiis fugit. Aut et dolorum ut consequatur voluptatum.', 'reprehenderit', 5770, NULL, '2001-01-18 13:46:00', '1993-12-25 04:41:55');
INSERT INTO `media` (`id`, `media_type_id`, `user_id`, `body`, `filename`, `size`, `metadata`, `created_at`, `updated_at`) VALUES ('75', '1', '68', 'Enim pariatur repellat nemo eligendi. Ipsam vel dicta voluptas consequuntur est ut et delectus. Eligendi vero sunt non occaecati nihil qui magni.', 'nam', 62490662, NULL, '2018-03-15 16:14:29', '2008-05-04 00:36:13');
INSERT INTO `media` (`id`, `media_type_id`, `user_id`, `body`, `filename`, `size`, `metadata`, `created_at`, `updated_at`) VALUES ('76', '1', '86', 'Deserunt expedita incidunt et ad aperiam aliquam. Harum rerum molestias ab et iure qui. Quia quis sunt et repellat est.', 'deleniti', 86616, NULL, '1997-09-28 12:13:14', '1998-09-05 13:22:38');
INSERT INTO `media` (`id`, `media_type_id`, `user_id`, `body`, `filename`, `size`, `metadata`, `created_at`, `updated_at`) VALUES ('77', '9', '45', 'Necessitatibus odit molestias officiis nobis quia eum animi. Quibusdam accusamus et dicta hic saepe. Ex placeat quae suscipit suscipit magnam commodi perspiciatis. Fugiat sint ut maxime laborum ut provident id.', 'suscipit', 877015716, NULL, '1993-11-25 07:15:26', '2017-06-18 01:41:19');
INSERT INTO `media` (`id`, `media_type_id`, `user_id`, `body`, `filename`, `size`, `metadata`, `created_at`, `updated_at`) VALUES ('78', '10', '19', 'Ex suscipit ut voluptatem illum. Officia est perspiciatis explicabo vitae similique aliquam quo. Optio aut sint veritatis ut est. Nisi animi quod earum dignissimos rerum dolorum optio ullam.', 'consequatur', 92, NULL, '1999-09-18 00:20:44', '1992-05-30 19:37:46');
INSERT INTO `media` (`id`, `media_type_id`, `user_id`, `body`, `filename`, `size`, `metadata`, `created_at`, `updated_at`) VALUES ('79', '6', '51', 'Autem veniam nesciunt soluta nesciunt. Debitis inventore iure deserunt minima. Voluptatem sunt eius ducimus vitae doloremque enim dolore.', 'aperiam', 9, NULL, '1987-07-16 17:06:19', '2011-04-16 16:30:51');
INSERT INTO `media` (`id`, `media_type_id`, `user_id`, `body`, `filename`, `size`, `metadata`, `created_at`, `updated_at`) VALUES ('80', '10', '19', 'Rerum unde modi aspernatur. Dolore vel eligendi eaque velit provident ea assumenda. Esse pariatur optio exercitationem et ratione velit. At veritatis quibusdam sint mollitia officia in nobis.', 'amet', 30723, NULL, '2009-03-30 16:09:43', '2014-06-24 20:50:09');
INSERT INTO `media` (`id`, `media_type_id`, `user_id`, `body`, `filename`, `size`, `metadata`, `created_at`, `updated_at`) VALUES ('81', '2', '14', 'Accusamus amet explicabo nihil ipsum vel ipsam est. Soluta ab ea enim rerum culpa et sapiente. A atque animi quia aut hic dolorum cumque. Ad molestias voluptatum facilis voluptas perferendis sequi.', 'suscipit', 86, NULL, '1977-12-01 03:58:46', '1977-12-20 01:56:40');
INSERT INTO `media` (`id`, `media_type_id`, `user_id`, `body`, `filename`, `size`, `metadata`, `created_at`, `updated_at`) VALUES ('82', '3', '22', 'Aliquid quos sapiente ut voluptas est suscipit sunt. Eos eos dolor quia mollitia perspiciatis ad odit. Voluptas ipsam ea in in.', 'et', 84, NULL, '1996-01-07 12:11:34', '1993-04-27 14:54:48');
INSERT INTO `media` (`id`, `media_type_id`, `user_id`, `body`, `filename`, `size`, `metadata`, `created_at`, `updated_at`) VALUES ('83', '8', '97', 'Illo et explicabo dolorum placeat excepturi. Id voluptatem consectetur consequuntur fugiat enim qui commodi sunt. Amet sed eum eaque animi a sed.', 'commodi', 206423286, NULL, '1992-10-14 16:49:25', '1973-02-04 01:56:50');
INSERT INTO `media` (`id`, `media_type_id`, `user_id`, `body`, `filename`, `size`, `metadata`, `created_at`, `updated_at`) VALUES ('84', '6', '27', 'Illum dolores sit voluptate sunt. Vel blanditiis consequatur commodi iure ut ipsam voluptatem. Dolores voluptatem qui et dolor. Eveniet voluptatibus omnis non est nisi quod.', 'tenetur', 0, NULL, '1983-04-16 14:00:48', '2003-11-11 15:29:07');
INSERT INTO `media` (`id`, `media_type_id`, `user_id`, `body`, `filename`, `size`, `metadata`, `created_at`, `updated_at`) VALUES ('85', '3', '16', 'Sint qui quia omnis numquam repudiandae sint magni. Vel earum ullam velit. Fugit cumque et iure et autem repellat fugit eaque. Qui in enim esse quis porro laudantium quae. Sed quo distinctio nisi dolores aut modi perspiciatis voluptatem.', 'reiciendis', 25656733, NULL, '1983-08-14 13:13:23', '1983-08-09 06:57:18');
INSERT INTO `media` (`id`, `media_type_id`, `user_id`, `body`, `filename`, `size`, `metadata`, `created_at`, `updated_at`) VALUES ('86', '9', '12', 'Vitae fugit consequatur eaque sed fugiat aut. Tempore explicabo quasi velit. Unde at tenetur sit error et. Mollitia expedita hic ipsa.', 'molestias', 629907, NULL, '2004-08-17 23:45:49', '1976-06-18 10:09:12');
INSERT INTO `media` (`id`, `media_type_id`, `user_id`, `body`, `filename`, `size`, `metadata`, `created_at`, `updated_at`) VALUES ('87', '4', '50', 'Omnis eius enim quas aut molestias magnam aut. Sunt id ut est et. Incidunt aliquid quam qui placeat id est.', 'itaque', 0, NULL, '2009-04-16 03:40:56', '1974-03-15 16:05:58');
INSERT INTO `media` (`id`, `media_type_id`, `user_id`, `body`, `filename`, `size`, `metadata`, `created_at`, `updated_at`) VALUES ('88', '8', '22', 'Eos fuga ipsum esse ut. Mollitia similique eius ipsum delectus aut fuga. Non accusantium cum aut. Laudantium magnam nihil error est dolorem nostrum.', 'dicta', 65303482, NULL, '2010-12-25 08:04:37', '2011-03-07 17:34:01');
INSERT INTO `media` (`id`, `media_type_id`, `user_id`, `body`, `filename`, `size`, `metadata`, `created_at`, `updated_at`) VALUES ('89', '3', '36', 'Minima illo et reprehenderit corporis. Quasi fuga hic perferendis eos nulla non et.', 'laboriosam', 853193, NULL, '1996-09-23 20:23:56', '1992-12-22 23:16:46');
INSERT INTO `media` (`id`, `media_type_id`, `user_id`, `body`, `filename`, `size`, `metadata`, `created_at`, `updated_at`) VALUES ('90', '6', '28', 'Eius earum nam et sint. Molestias labore vel magni exercitationem eveniet et minus. Eos odit et qui voluptatem veritatis et. Illo voluptas nulla non nobis.', 'placeat', 1191, NULL, '1993-07-17 18:24:46', '1974-08-01 03:52:35');
INSERT INTO `media` (`id`, `media_type_id`, `user_id`, `body`, `filename`, `size`, `metadata`, `created_at`, `updated_at`) VALUES ('91', '4', '43', 'Expedita labore ea laudantium aut quo architecto voluptatem debitis. Illum officia quia ea. Delectus pariatur dolores nihil explicabo voluptatum excepturi.', 'omnis', 6563980, NULL, '1994-02-01 18:18:38', '1990-02-06 15:50:29');
INSERT INTO `media` (`id`, `media_type_id`, `user_id`, `body`, `filename`, `size`, `metadata`, `created_at`, `updated_at`) VALUES ('92', '6', '41', 'Asperiores nobis ut tenetur optio ratione occaecati libero voluptatem. Fuga sint soluta velit nostrum dolor. Praesentium temporibus minus omnis et quo rerum soluta placeat. Beatae quibusdam nulla voluptas delectus eveniet.', 'sit', 995812652, NULL, '1980-08-14 06:55:57', '2002-12-26 09:37:18');
INSERT INTO `media` (`id`, `media_type_id`, `user_id`, `body`, `filename`, `size`, `metadata`, `created_at`, `updated_at`) VALUES ('93', '3', '8', 'Voluptatibus eligendi cum deserunt et. Harum mollitia autem non molestias. Sit ipsum est aliquid accusamus suscipit aut odio. Qui maiores omnis veritatis deleniti accusamus explicabo laboriosam.', 'repudiandae', 6613285, NULL, '1998-12-14 17:19:07', '2000-11-18 15:55:16');
INSERT INTO `media` (`id`, `media_type_id`, `user_id`, `body`, `filename`, `size`, `metadata`, `created_at`, `updated_at`) VALUES ('94', '9', '94', 'A ut fugit et. Mollitia dicta voluptate illum. Dolorem veniam voluptatem eius tempore qui doloremque. Voluptates doloremque omnis omnis ut.', 'soluta', 40121544, NULL, '1999-05-04 04:51:59', '2019-04-09 17:51:11');
INSERT INTO `media` (`id`, `media_type_id`, `user_id`, `body`, `filename`, `size`, `metadata`, `created_at`, `updated_at`) VALUES ('95', '1', '85', 'Earum exercitationem quas tenetur. Eum quia voluptas laudantium perspiciatis ipsum cumque. Est fugiat rerum adipisci architecto id incidunt. Ut qui corporis et voluptas ipsa et voluptas.', 'quaerat', 938, NULL, '1971-09-23 08:05:04', '1989-10-21 08:35:14');
INSERT INTO `media` (`id`, `media_type_id`, `user_id`, `body`, `filename`, `size`, `metadata`, `created_at`, `updated_at`) VALUES ('96', '10', '67', 'Esse placeat maiores et alias sit repellendus. In optio fugiat perspiciatis consequatur architecto perferendis dolore culpa. A voluptates consequuntur minima beatae ut.', 'vel', 56768290, NULL, '1970-12-14 11:31:42', '1980-05-27 11:44:47');
INSERT INTO `media` (`id`, `media_type_id`, `user_id`, `body`, `filename`, `size`, `metadata`, `created_at`, `updated_at`) VALUES ('97', '9', '58', 'Nesciunt voluptas aut et consectetur non minima quae. Tempore ipsa voluptatem commodi. Ab eligendi quaerat itaque nisi nam quidem sed. Fugit rerum officia in ab error cupiditate.', 'qui', 45, NULL, '1987-12-16 12:07:25', '1984-12-25 20:13:19');
INSERT INTO `media` (`id`, `media_type_id`, `user_id`, `body`, `filename`, `size`, `metadata`, `created_at`, `updated_at`) VALUES ('98', '4', '50', 'Reiciendis non aut quaerat maxime fuga dolor. Pariatur sint autem voluptas illum omnis deserunt. Minus et vero qui saepe possimus.', 'nam', 5169272, NULL, '2016-05-21 09:03:21', '1999-01-15 18:52:09');
INSERT INTO `media` (`id`, `media_type_id`, `user_id`, `body`, `filename`, `size`, `metadata`, `created_at`, `updated_at`) VALUES ('99', '9', '85', 'Ducimus officiis rerum explicabo voluptate. Voluptas odit laudantium quia quo.', 'ea', 6, NULL, '2014-06-02 11:42:13', '2011-10-09 21:04:15');
INSERT INTO `media` (`id`, `media_type_id`, `user_id`, `body`, `filename`, `size`, `metadata`, `created_at`, `updated_at`) VALUES ('100', '8', '72', 'Eos modi odio voluptatum voluptatem. Labore architecto vitae ipsam placeat impedit quam. Aliquid debitis sed tempore non dolorem illo.', 'maiores', 38408, NULL, '1993-03-15 12:52:06', '2008-03-22 12:01:18');



INSERT INTO `photo_albums` (`id`, `name`, `user_id`) VALUES ('1', 'et', '52');
INSERT INTO `photo_albums` (`id`, `name`, `user_id`) VALUES ('2', 'est', '5');
INSERT INTO `photo_albums` (`id`, `name`, `user_id`) VALUES ('3', 'mollitia', '92');
INSERT INTO `photo_albums` (`id`, `name`, `user_id`) VALUES ('4', 'et', '53');
INSERT INTO `photo_albums` (`id`, `name`, `user_id`) VALUES ('5', 'officiis', '12');
INSERT INTO `photo_albums` (`id`, `name`, `user_id`) VALUES ('6', 'reprehenderit', '64');
INSERT INTO `photo_albums` (`id`, `name`, `user_id`) VALUES ('7', 'doloremque', '30');
INSERT INTO `photo_albums` (`id`, `name`, `user_id`) VALUES ('8', 'quis', '26');
INSERT INTO `photo_albums` (`id`, `name`, `user_id`) VALUES ('9', 'aut', '100');
INSERT INTO `photo_albums` (`id`, `name`, `user_id`) VALUES ('10', 'adipisci', '18');
INSERT INTO `photo_albums` (`id`, `name`, `user_id`) VALUES ('11', 'iusto', '96');
INSERT INTO `photo_albums` (`id`, `name`, `user_id`) VALUES ('12', 'itaque', '88');
INSERT INTO `photo_albums` (`id`, `name`, `user_id`) VALUES ('13', 'maxime', '53');
INSERT INTO `photo_albums` (`id`, `name`, `user_id`) VALUES ('14', 'minima', '50');
INSERT INTO `photo_albums` (`id`, `name`, `user_id`) VALUES ('15', 'laboriosam', '16');
INSERT INTO `photo_albums` (`id`, `name`, `user_id`) VALUES ('16', 'cupiditate', '16');
INSERT INTO `photo_albums` (`id`, `name`, `user_id`) VALUES ('17', 'et', '44');
INSERT INTO `photo_albums` (`id`, `name`, `user_id`) VALUES ('18', 'dolorem', '81');
INSERT INTO `photo_albums` (`id`, `name`, `user_id`) VALUES ('19', 'recusandae', '77');
INSERT INTO `photo_albums` (`id`, `name`, `user_id`) VALUES ('20', 'cupiditate', '33');
INSERT INTO `photo_albums` (`id`, `name`, `user_id`) VALUES ('21', 'laborum', '48');
INSERT INTO `photo_albums` (`id`, `name`, `user_id`) VALUES ('22', 'laudantium', '98');
INSERT INTO `photo_albums` (`id`, `name`, `user_id`) VALUES ('23', 'et', '98');
INSERT INTO `photo_albums` (`id`, `name`, `user_id`) VALUES ('24', 'ea', '10');
INSERT INTO `photo_albums` (`id`, `name`, `user_id`) VALUES ('25', 'minus', '83');
INSERT INTO `photo_albums` (`id`, `name`, `user_id`) VALUES ('26', 'qui', '67');
INSERT INTO `photo_albums` (`id`, `name`, `user_id`) VALUES ('27', 'eum', '86');
INSERT INTO `photo_albums` (`id`, `name`, `user_id`) VALUES ('28', 'nobis', '53');
INSERT INTO `photo_albums` (`id`, `name`, `user_id`) VALUES ('29', 'animi', '29');
INSERT INTO `photo_albums` (`id`, `name`, `user_id`) VALUES ('30', 'eveniet', '53');
INSERT INTO `photo_albums` (`id`, `name`, `user_id`) VALUES ('31', 'quo', '96');
INSERT INTO `photo_albums` (`id`, `name`, `user_id`) VALUES ('32', 'reiciendis', '17');
INSERT INTO `photo_albums` (`id`, `name`, `user_id`) VALUES ('33', 'veritatis', '52');
INSERT INTO `photo_albums` (`id`, `name`, `user_id`) VALUES ('34', 'minima', '79');
INSERT INTO `photo_albums` (`id`, `name`, `user_id`) VALUES ('35', 'aspernatur', '77');
INSERT INTO `photo_albums` (`id`, `name`, `user_id`) VALUES ('36', 'ut', '9');
INSERT INTO `photo_albums` (`id`, `name`, `user_id`) VALUES ('37', 'magni', '54');
INSERT INTO `photo_albums` (`id`, `name`, `user_id`) VALUES ('38', 'consequuntur', '6');
INSERT INTO `photo_albums` (`id`, `name`, `user_id`) VALUES ('39', 'consectetur', '67');
INSERT INTO `photo_albums` (`id`, `name`, `user_id`) VALUES ('40', 'labore', '66');
INSERT INTO `photo_albums` (`id`, `name`, `user_id`) VALUES ('41', 'aut', '57');
INSERT INTO `photo_albums` (`id`, `name`, `user_id`) VALUES ('42', 'aut', '26');
INSERT INTO `photo_albums` (`id`, `name`, `user_id`) VALUES ('43', 'omnis', '57');
INSERT INTO `photo_albums` (`id`, `name`, `user_id`) VALUES ('44', 'ipsam', '71');
INSERT INTO `photo_albums` (`id`, `name`, `user_id`) VALUES ('45', 'delectus', '49');
INSERT INTO `photo_albums` (`id`, `name`, `user_id`) VALUES ('46', 'temporibus', '37');
INSERT INTO `photo_albums` (`id`, `name`, `user_id`) VALUES ('47', 'sit', '45');
INSERT INTO `photo_albums` (`id`, `name`, `user_id`) VALUES ('48', 'earum', '71');
INSERT INTO `photo_albums` (`id`, `name`, `user_id`) VALUES ('49', 'doloremque', '38');
INSERT INTO `photo_albums` (`id`, `name`, `user_id`) VALUES ('50', 'velit', '19');
INSERT INTO `photo_albums` (`id`, `name`, `user_id`) VALUES ('51', 'nam', '72');
INSERT INTO `photo_albums` (`id`, `name`, `user_id`) VALUES ('52', 'fugit', '98');
INSERT INTO `photo_albums` (`id`, `name`, `user_id`) VALUES ('53', 'delectus', '10');
INSERT INTO `photo_albums` (`id`, `name`, `user_id`) VALUES ('54', 'ipsum', '57');
INSERT INTO `photo_albums` (`id`, `name`, `user_id`) VALUES ('55', 'excepturi', '80');
INSERT INTO `photo_albums` (`id`, `name`, `user_id`) VALUES ('56', 'quaerat', '58');
INSERT INTO `photo_albums` (`id`, `name`, `user_id`) VALUES ('57', 'veritatis', '61');
INSERT INTO `photo_albums` (`id`, `name`, `user_id`) VALUES ('58', 'suscipit', '14');
INSERT INTO `photo_albums` (`id`, `name`, `user_id`) VALUES ('59', 'architecto', '7');
INSERT INTO `photo_albums` (`id`, `name`, `user_id`) VALUES ('60', 'earum', '58');
INSERT INTO `photo_albums` (`id`, `name`, `user_id`) VALUES ('61', 'aut', '84');
INSERT INTO `photo_albums` (`id`, `name`, `user_id`) VALUES ('62', 'ut', '77');
INSERT INTO `photo_albums` (`id`, `name`, `user_id`) VALUES ('63', 'dignissimos', '24');
INSERT INTO `photo_albums` (`id`, `name`, `user_id`) VALUES ('64', 'qui', '15');
INSERT INTO `photo_albums` (`id`, `name`, `user_id`) VALUES ('65', 'eos', '55');
INSERT INTO `photo_albums` (`id`, `name`, `user_id`) VALUES ('66', 'expedita', '27');
INSERT INTO `photo_albums` (`id`, `name`, `user_id`) VALUES ('67', 'voluptas', '9');
INSERT INTO `photo_albums` (`id`, `name`, `user_id`) VALUES ('68', 'corporis', '84');
INSERT INTO `photo_albums` (`id`, `name`, `user_id`) VALUES ('69', 'similique', '56');
INSERT INTO `photo_albums` (`id`, `name`, `user_id`) VALUES ('70', 'libero', '14');
INSERT INTO `photo_albums` (`id`, `name`, `user_id`) VALUES ('71', 'incidunt', '87');
INSERT INTO `photo_albums` (`id`, `name`, `user_id`) VALUES ('72', 'iure', '91');
INSERT INTO `photo_albums` (`id`, `name`, `user_id`) VALUES ('73', 'qui', '7');
INSERT INTO `photo_albums` (`id`, `name`, `user_id`) VALUES ('74', 'aut', '57');
INSERT INTO `photo_albums` (`id`, `name`, `user_id`) VALUES ('75', 'totam', '90');
INSERT INTO `photo_albums` (`id`, `name`, `user_id`) VALUES ('76', 'ut', '78');
INSERT INTO `photo_albums` (`id`, `name`, `user_id`) VALUES ('77', 'modi', '38');
INSERT INTO `photo_albums` (`id`, `name`, `user_id`) VALUES ('78', 'similique', '34');
INSERT INTO `photo_albums` (`id`, `name`, `user_id`) VALUES ('79', 'et', '88');
INSERT INTO `photo_albums` (`id`, `name`, `user_id`) VALUES ('80', 'accusantium', '63');
INSERT INTO `photo_albums` (`id`, `name`, `user_id`) VALUES ('81', 'ducimus', '92');
INSERT INTO `photo_albums` (`id`, `name`, `user_id`) VALUES ('82', 'ut', '82');
INSERT INTO `photo_albums` (`id`, `name`, `user_id`) VALUES ('83', 'eum', '75');
INSERT INTO `photo_albums` (`id`, `name`, `user_id`) VALUES ('84', 'eius', '98');
INSERT INTO `photo_albums` (`id`, `name`, `user_id`) VALUES ('85', 'laborum', '19');
INSERT INTO `photo_albums` (`id`, `name`, `user_id`) VALUES ('86', 'officia', '12');
INSERT INTO `photo_albums` (`id`, `name`, `user_id`) VALUES ('87', 'ea', '64');
INSERT INTO `photo_albums` (`id`, `name`, `user_id`) VALUES ('88', 'architecto', '17');
INSERT INTO `photo_albums` (`id`, `name`, `user_id`) VALUES ('89', 'et', '9');
INSERT INTO `photo_albums` (`id`, `name`, `user_id`) VALUES ('90', 'aut', '31');
INSERT INTO `photo_albums` (`id`, `name`, `user_id`) VALUES ('91', 'sunt', '80');
INSERT INTO `photo_albums` (`id`, `name`, `user_id`) VALUES ('92', 'nihil', '73');
INSERT INTO `photo_albums` (`id`, `name`, `user_id`) VALUES ('93', 'et', '56');
INSERT INTO `photo_albums` (`id`, `name`, `user_id`) VALUES ('94', 'expedita', '65');
INSERT INTO `photo_albums` (`id`, `name`, `user_id`) VALUES ('95', 'id', '90');
INSERT INTO `photo_albums` (`id`, `name`, `user_id`) VALUES ('96', 'aut', '40');
INSERT INTO `photo_albums` (`id`, `name`, `user_id`) VALUES ('97', 'et', '18');
INSERT INTO `photo_albums` (`id`, `name`, `user_id`) VALUES ('98', 'molestiae', '54');
INSERT INTO `photo_albums` (`id`, `name`, `user_id`) VALUES ('99', 'pariatur', '47');
INSERT INTO `photo_albums` (`id`, `name`, `user_id`) VALUES ('100', 'dicta', '33');



INSERT INTO `photos` (`id`, `album_id`, `media_id`) VALUES ('1', '15', '1');
INSERT INTO `photos` (`id`, `album_id`, `media_id`) VALUES ('2', '44', '2');
INSERT INTO `photos` (`id`, `album_id`, `media_id`) VALUES ('3', '47', '3');
INSERT INTO `photos` (`id`, `album_id`, `media_id`) VALUES ('4', '61', '4');
INSERT INTO `photos` (`id`, `album_id`, `media_id`) VALUES ('5', '21', '5');
INSERT INTO `photos` (`id`, `album_id`, `media_id`) VALUES ('6', '47', '6');
INSERT INTO `photos` (`id`, `album_id`, `media_id`) VALUES ('7', '51', '7');
INSERT INTO `photos` (`id`, `album_id`, `media_id`) VALUES ('8', '8', '8');
INSERT INTO `photos` (`id`, `album_id`, `media_id`) VALUES ('9', '2', '9');
INSERT INTO `photos` (`id`, `album_id`, `media_id`) VALUES ('10', '77', '10');
INSERT INTO `photos` (`id`, `album_id`, `media_id`) VALUES ('11', '41', '11');
INSERT INTO `photos` (`id`, `album_id`, `media_id`) VALUES ('12', '92', '12');
INSERT INTO `photos` (`id`, `album_id`, `media_id`) VALUES ('13', '97', '13');
INSERT INTO `photos` (`id`, `album_id`, `media_id`) VALUES ('14', '29', '14');
INSERT INTO `photos` (`id`, `album_id`, `media_id`) VALUES ('15', '52', '15');
INSERT INTO `photos` (`id`, `album_id`, `media_id`) VALUES ('16', '2', '16');
INSERT INTO `photos` (`id`, `album_id`, `media_id`) VALUES ('17', '3', '17');
INSERT INTO `photos` (`id`, `album_id`, `media_id`) VALUES ('18', '63', '18');
INSERT INTO `photos` (`id`, `album_id`, `media_id`) VALUES ('19', '62', '19');
INSERT INTO `photos` (`id`, `album_id`, `media_id`) VALUES ('20', '90', '20');
INSERT INTO `photos` (`id`, `album_id`, `media_id`) VALUES ('21', '8', '21');
INSERT INTO `photos` (`id`, `album_id`, `media_id`) VALUES ('22', '27', '22');
INSERT INTO `photos` (`id`, `album_id`, `media_id`) VALUES ('23', '11', '23');
INSERT INTO `photos` (`id`, `album_id`, `media_id`) VALUES ('24', '66', '24');
INSERT INTO `photos` (`id`, `album_id`, `media_id`) VALUES ('25', '63', '25');
INSERT INTO `photos` (`id`, `album_id`, `media_id`) VALUES ('26', '32', '26');
INSERT INTO `photos` (`id`, `album_id`, `media_id`) VALUES ('27', '43', '27');
INSERT INTO `photos` (`id`, `album_id`, `media_id`) VALUES ('28', '44', '28');
INSERT INTO `photos` (`id`, `album_id`, `media_id`) VALUES ('29', '64', '29');
INSERT INTO `photos` (`id`, `album_id`, `media_id`) VALUES ('30', '49', '30');
INSERT INTO `photos` (`id`, `album_id`, `media_id`) VALUES ('31', '33', '31');
INSERT INTO `photos` (`id`, `album_id`, `media_id`) VALUES ('32', '56', '32');
INSERT INTO `photos` (`id`, `album_id`, `media_id`) VALUES ('33', '18', '33');
INSERT INTO `photos` (`id`, `album_id`, `media_id`) VALUES ('34', '80', '34');
INSERT INTO `photos` (`id`, `album_id`, `media_id`) VALUES ('35', '75', '35');
INSERT INTO `photos` (`id`, `album_id`, `media_id`) VALUES ('36', '99', '36');
INSERT INTO `photos` (`id`, `album_id`, `media_id`) VALUES ('37', '37', '37');
INSERT INTO `photos` (`id`, `album_id`, `media_id`) VALUES ('38', '41', '38');
INSERT INTO `photos` (`id`, `album_id`, `media_id`) VALUES ('39', '78', '39');
INSERT INTO `photos` (`id`, `album_id`, `media_id`) VALUES ('40', '63', '40');
INSERT INTO `photos` (`id`, `album_id`, `media_id`) VALUES ('41', '89', '41');
INSERT INTO `photos` (`id`, `album_id`, `media_id`) VALUES ('42', '36', '42');
INSERT INTO `photos` (`id`, `album_id`, `media_id`) VALUES ('43', '78', '43');
INSERT INTO `photos` (`id`, `album_id`, `media_id`) VALUES ('44', '68', '44');
INSERT INTO `photos` (`id`, `album_id`, `media_id`) VALUES ('45', '21', '45');
INSERT INTO `photos` (`id`, `album_id`, `media_id`) VALUES ('46', '19', '46');
INSERT INTO `photos` (`id`, `album_id`, `media_id`) VALUES ('47', '60', '47');
INSERT INTO `photos` (`id`, `album_id`, `media_id`) VALUES ('48', '36', '48');
INSERT INTO `photos` (`id`, `album_id`, `media_id`) VALUES ('49', '28', '49');
INSERT INTO `photos` (`id`, `album_id`, `media_id`) VALUES ('50', '44', '50');
INSERT INTO `photos` (`id`, `album_id`, `media_id`) VALUES ('51', '47', '51');
INSERT INTO `photos` (`id`, `album_id`, `media_id`) VALUES ('52', '49', '52');
INSERT INTO `photos` (`id`, `album_id`, `media_id`) VALUES ('53', '60', '53');
INSERT INTO `photos` (`id`, `album_id`, `media_id`) VALUES ('54', '64', '54');
INSERT INTO `photos` (`id`, `album_id`, `media_id`) VALUES ('55', '74', '55');
INSERT INTO `photos` (`id`, `album_id`, `media_id`) VALUES ('56', '95', '56');
INSERT INTO `photos` (`id`, `album_id`, `media_id`) VALUES ('57', '65', '57');
INSERT INTO `photos` (`id`, `album_id`, `media_id`) VALUES ('58', '24', '58');
INSERT INTO `photos` (`id`, `album_id`, `media_id`) VALUES ('59', '75', '59');
INSERT INTO `photos` (`id`, `album_id`, `media_id`) VALUES ('60', '20', '60');
INSERT INTO `photos` (`id`, `album_id`, `media_id`) VALUES ('61', '40', '61');
INSERT INTO `photos` (`id`, `album_id`, `media_id`) VALUES ('62', '41', '62');
INSERT INTO `photos` (`id`, `album_id`, `media_id`) VALUES ('63', '55', '63');
INSERT INTO `photos` (`id`, `album_id`, `media_id`) VALUES ('64', '96', '64');
INSERT INTO `photos` (`id`, `album_id`, `media_id`) VALUES ('65', '30', '65');
INSERT INTO `photos` (`id`, `album_id`, `media_id`) VALUES ('66', '53', '66');
INSERT INTO `photos` (`id`, `album_id`, `media_id`) VALUES ('67', '99', '67');
INSERT INTO `photos` (`id`, `album_id`, `media_id`) VALUES ('68', '57', '68');
INSERT INTO `photos` (`id`, `album_id`, `media_id`) VALUES ('69', '29', '69');
INSERT INTO `photos` (`id`, `album_id`, `media_id`) VALUES ('70', '35', '70');
INSERT INTO `photos` (`id`, `album_id`, `media_id`) VALUES ('71', '13', '71');
INSERT INTO `photos` (`id`, `album_id`, `media_id`) VALUES ('72', '59', '72');
INSERT INTO `photos` (`id`, `album_id`, `media_id`) VALUES ('73', '3', '73');
INSERT INTO `photos` (`id`, `album_id`, `media_id`) VALUES ('74', '96', '74');
INSERT INTO `photos` (`id`, `album_id`, `media_id`) VALUES ('75', '27', '75');
INSERT INTO `photos` (`id`, `album_id`, `media_id`) VALUES ('76', '49', '76');
INSERT INTO `photos` (`id`, `album_id`, `media_id`) VALUES ('77', '46', '77');
INSERT INTO `photos` (`id`, `album_id`, `media_id`) VALUES ('78', '22', '78');
INSERT INTO `photos` (`id`, `album_id`, `media_id`) VALUES ('79', '10', '79');
INSERT INTO `photos` (`id`, `album_id`, `media_id`) VALUES ('80', '9', '80');
INSERT INTO `photos` (`id`, `album_id`, `media_id`) VALUES ('81', '66', '81');
INSERT INTO `photos` (`id`, `album_id`, `media_id`) VALUES ('82', '13', '82');
INSERT INTO `photos` (`id`, `album_id`, `media_id`) VALUES ('83', '28', '83');
INSERT INTO `photos` (`id`, `album_id`, `media_id`) VALUES ('84', '88', '84');
INSERT INTO `photos` (`id`, `album_id`, `media_id`) VALUES ('85', '37', '85');
INSERT INTO `photos` (`id`, `album_id`, `media_id`) VALUES ('86', '40', '86');
INSERT INTO `photos` (`id`, `album_id`, `media_id`) VALUES ('87', '31', '87');
INSERT INTO `photos` (`id`, `album_id`, `media_id`) VALUES ('88', '56', '88');
INSERT INTO `photos` (`id`, `album_id`, `media_id`) VALUES ('89', '4', '89');
INSERT INTO `photos` (`id`, `album_id`, `media_id`) VALUES ('90', '70', '90');
INSERT INTO `photos` (`id`, `album_id`, `media_id`) VALUES ('91', '2', '91');
INSERT INTO `photos` (`id`, `album_id`, `media_id`) VALUES ('92', '5', '92');
INSERT INTO `photos` (`id`, `album_id`, `media_id`) VALUES ('93', '50', '93');
INSERT INTO `photos` (`id`, `album_id`, `media_id`) VALUES ('94', '79', '94');
INSERT INTO `photos` (`id`, `album_id`, `media_id`) VALUES ('95', '38', '95');
INSERT INTO `photos` (`id`, `album_id`, `media_id`) VALUES ('96', '88', '96');
INSERT INTO `photos` (`id`, `album_id`, `media_id`) VALUES ('97', '45', '97');
INSERT INTO `photos` (`id`, `album_id`, `media_id`) VALUES ('98', '91', '98');
INSERT INTO `photos` (`id`, `album_id`, `media_id`) VALUES ('99', '2', '99');
INSERT INTO `photos` (`id`, `album_id`, `media_id`) VALUES ('100', '75', '100');


INSERT INTO `profiles` (`user_id`, `gender`, `birthday`, `photo_id`, `created_at`, `hometown`) VALUES ('1', NULL, '2010-01-31', '44', '1979-09-09 06:22:24', NULL);
INSERT INTO `profiles` (`user_id`, `gender`, `birthday`, `photo_id`, `created_at`, `hometown`) VALUES ('2', NULL, '2017-01-28', '68', '2009-12-02 13:58:15', NULL);
INSERT INTO `profiles` (`user_id`, `gender`, `birthday`, `photo_id`, `created_at`, `hometown`) VALUES ('3', NULL, '1987-11-27', '96', '1987-10-17 14:59:37', NULL);
INSERT INTO `profiles` (`user_id`, `gender`, `birthday`, `photo_id`, `created_at`, `hometown`) VALUES ('4', NULL, '2013-08-29', '16', '1992-04-22 07:21:25', NULL);
INSERT INTO `profiles` (`user_id`, `gender`, `birthday`, `photo_id`, `created_at`, `hometown`) VALUES ('5', NULL, '1984-03-26', '16', '1989-06-03 23:53:14', NULL);
INSERT INTO `profiles` (`user_id`, `gender`, `birthday`, `photo_id`, `created_at`, `hometown`) VALUES ('6', NULL, '2009-06-11', '50', '1987-07-22 21:47:54', NULL);
INSERT INTO `profiles` (`user_id`, `gender`, `birthday`, `photo_id`, `created_at`, `hometown`) VALUES ('7', NULL, '1993-12-07', '23', '1984-08-11 15:30:30', NULL);
INSERT INTO `profiles` (`user_id`, `gender`, `birthday`, `photo_id`, `created_at`, `hometown`) VALUES ('8', NULL, '1986-03-07', '75', '1983-07-18 23:40:45', NULL);
INSERT INTO `profiles` (`user_id`, `gender`, `birthday`, `photo_id`, `created_at`, `hometown`) VALUES ('9', NULL, '2006-04-26', '92', '1971-06-21 22:19:12', NULL);
INSERT INTO `profiles` (`user_id`, `gender`, `birthday`, `photo_id`, `created_at`, `hometown`) VALUES ('10', NULL, '2001-05-21', '86', '2006-11-15 08:20:59', NULL);
INSERT INTO `profiles` (`user_id`, `gender`, `birthday`, `photo_id`, `created_at`, `hometown`) VALUES ('11', NULL, '1977-12-27', '39', '1971-11-03 19:16:25', NULL);
INSERT INTO `profiles` (`user_id`, `gender`, `birthday`, `photo_id`, `created_at`, `hometown`) VALUES ('12', NULL, '2011-03-23', '64', '1991-09-27 02:17:09', NULL);
INSERT INTO `profiles` (`user_id`, `gender`, `birthday`, `photo_id`, `created_at`, `hometown`) VALUES ('13', NULL, '2006-10-26', '41', '1970-07-18 19:56:38', NULL);
INSERT INTO `profiles` (`user_id`, `gender`, `birthday`, `photo_id`, `created_at`, `hometown`) VALUES ('14', NULL, '1975-03-11', '15', '1996-12-17 07:47:09', NULL);
INSERT INTO `profiles` (`user_id`, `gender`, `birthday`, `photo_id`, `created_at`, `hometown`) VALUES ('15', NULL, '1996-03-29', '59', '1992-04-03 13:53:49', NULL);
INSERT INTO `profiles` (`user_id`, `gender`, `birthday`, `photo_id`, `created_at`, `hometown`) VALUES ('16', NULL, '1975-08-24', '1', '1991-08-02 18:51:56', NULL);
INSERT INTO `profiles` (`user_id`, `gender`, `birthday`, `photo_id`, `created_at`, `hometown`) VALUES ('17', NULL, '2003-04-25', '48', '2009-03-21 01:51:56', NULL);
INSERT INTO `profiles` (`user_id`, `gender`, `birthday`, `photo_id`, `created_at`, `hometown`) VALUES ('18', NULL, '1999-05-15', '96', '1997-10-22 13:33:28', NULL);
INSERT INTO `profiles` (`user_id`, `gender`, `birthday`, `photo_id`, `created_at`, `hometown`) VALUES ('19', NULL, '1989-01-05', '63', '1972-10-30 00:26:15', NULL);
INSERT INTO `profiles` (`user_id`, `gender`, `birthday`, `photo_id`, `created_at`, `hometown`) VALUES ('20', NULL, '1990-02-22', '79', '1971-09-19 06:12:47', NULL);
INSERT INTO `profiles` (`user_id`, `gender`, `birthday`, `photo_id`, `created_at`, `hometown`) VALUES ('21', NULL, '1978-10-07', '72', '2005-12-01 11:43:44', NULL);
INSERT INTO `profiles` (`user_id`, `gender`, `birthday`, `photo_id`, `created_at`, `hometown`) VALUES ('22', NULL, '1985-11-05', '66', '2010-11-06 10:06:34', NULL);
INSERT INTO `profiles` (`user_id`, `gender`, `birthday`, `photo_id`, `created_at`, `hometown`) VALUES ('23', NULL, '2003-12-10', '97', '1971-07-26 02:30:24', NULL);
INSERT INTO `profiles` (`user_id`, `gender`, `birthday`, `photo_id`, `created_at`, `hometown`) VALUES ('24', NULL, '2006-08-26', '19', '2006-10-11 12:40:40', NULL);
INSERT INTO `profiles` (`user_id`, `gender`, `birthday`, `photo_id`, `created_at`, `hometown`) VALUES ('25', NULL, '1971-10-04', '2', '1972-09-21 19:10:06', NULL);
INSERT INTO `profiles` (`user_id`, `gender`, `birthday`, `photo_id`, `created_at`, `hometown`) VALUES ('26', NULL, '1992-12-28', '32', '2018-04-28 22:16:56', NULL);
INSERT INTO `profiles` (`user_id`, `gender`, `birthday`, `photo_id`, `created_at`, `hometown`) VALUES ('27', NULL, '1996-11-26', '72', '2011-04-09 06:45:07', NULL);
INSERT INTO `profiles` (`user_id`, `gender`, `birthday`, `photo_id`, `created_at`, `hometown`) VALUES ('28', NULL, '1998-01-18', '17', '2010-12-14 14:30:58', NULL);
INSERT INTO `profiles` (`user_id`, `gender`, `birthday`, `photo_id`, `created_at`, `hometown`) VALUES ('29', NULL, '2014-05-31', '33', '1973-10-08 03:29:47', NULL);
INSERT INTO `profiles` (`user_id`, `gender`, `birthday`, `photo_id`, `created_at`, `hometown`) VALUES ('30', NULL, '2021-10-21', '85', '1982-07-04 08:19:49', NULL);
INSERT INTO `profiles` (`user_id`, `gender`, `birthday`, `photo_id`, `created_at`, `hometown`) VALUES ('31', NULL, '1979-12-17', '28', '1995-08-14 22:20:08', NULL);
INSERT INTO `profiles` (`user_id`, `gender`, `birthday`, `photo_id`, `created_at`, `hometown`) VALUES ('32', NULL, '1972-02-05', '43', '1997-10-10 01:59:36', NULL);
INSERT INTO `profiles` (`user_id`, `gender`, `birthday`, `photo_id`, `created_at`, `hometown`) VALUES ('33', NULL, '1991-08-29', '76', '1981-09-26 07:36:05', NULL);
INSERT INTO `profiles` (`user_id`, `gender`, `birthday`, `photo_id`, `created_at`, `hometown`) VALUES ('34', NULL, '1970-12-07', '8', '1985-08-12 18:14:49', NULL);
INSERT INTO `profiles` (`user_id`, `gender`, `birthday`, `photo_id`, `created_at`, `hometown`) VALUES ('35', NULL, '1973-02-22', '2', '1993-10-26 07:22:51', NULL);
INSERT INTO `profiles` (`user_id`, `gender`, `birthday`, `photo_id`, `created_at`, `hometown`) VALUES ('36', NULL, '2018-12-13', '68', '1982-07-26 15:29:19', NULL);
INSERT INTO `profiles` (`user_id`, `gender`, `birthday`, `photo_id`, `created_at`, `hometown`) VALUES ('37', NULL, '1995-04-08', '85', '1976-01-12 16:34:04', NULL);
INSERT INTO `profiles` (`user_id`, `gender`, `birthday`, `photo_id`, `created_at`, `hometown`) VALUES ('38', NULL, '2006-04-10', '97', '2016-07-25 08:03:08', NULL);
INSERT INTO `profiles` (`user_id`, `gender`, `birthday`, `photo_id`, `created_at`, `hometown`) VALUES ('39', NULL, '2007-03-12', '76', '2008-10-06 20:48:31', NULL);
INSERT INTO `profiles` (`user_id`, `gender`, `birthday`, `photo_id`, `created_at`, `hometown`) VALUES ('40', NULL, '2018-12-23', '44', '2017-08-10 06:40:03', NULL);
INSERT INTO `profiles` (`user_id`, `gender`, `birthday`, `photo_id`, `created_at`, `hometown`) VALUES ('41', NULL, '1992-07-31', '89', '1972-03-16 20:37:00', NULL);
INSERT INTO `profiles` (`user_id`, `gender`, `birthday`, `photo_id`, `created_at`, `hometown`) VALUES ('42', NULL, '1973-11-30', '82', '2021-05-20 19:50:58', NULL);
INSERT INTO `profiles` (`user_id`, `gender`, `birthday`, `photo_id`, `created_at`, `hometown`) VALUES ('43', NULL, '1981-06-07', '96', '2014-09-05 14:13:47', NULL);
INSERT INTO `profiles` (`user_id`, `gender`, `birthday`, `photo_id`, `created_at`, `hometown`) VALUES ('44', NULL, '2013-11-01', '74', '1995-10-28 07:18:51', NULL);
INSERT INTO `profiles` (`user_id`, `gender`, `birthday`, `photo_id`, `created_at`, `hometown`) VALUES ('45', NULL, '1978-10-15', '67', '2009-10-06 04:13:48', NULL);
INSERT INTO `profiles` (`user_id`, `gender`, `birthday`, `photo_id`, `created_at`, `hometown`) VALUES ('46', NULL, '2017-01-08', '26', '2006-07-18 03:20:25', NULL);
INSERT INTO `profiles` (`user_id`, `gender`, `birthday`, `photo_id`, `created_at`, `hometown`) VALUES ('47', NULL, '2008-10-08', '58', '2021-05-07 18:16:20', NULL);
INSERT INTO `profiles` (`user_id`, `gender`, `birthday`, `photo_id`, `created_at`, `hometown`) VALUES ('48', NULL, '1974-11-07', '20', '2013-07-12 14:35:07', NULL);
INSERT INTO `profiles` (`user_id`, `gender`, `birthday`, `photo_id`, `created_at`, `hometown`) VALUES ('49', NULL, '2019-01-08', '79', '1993-11-04 03:04:09', NULL);
INSERT INTO `profiles` (`user_id`, `gender`, `birthday`, `photo_id`, `created_at`, `hometown`) VALUES ('50', NULL, '1980-04-18', '48', '2013-03-30 11:34:32', NULL);
INSERT INTO `profiles` (`user_id`, `gender`, `birthday`, `photo_id`, `created_at`, `hometown`) VALUES ('51', NULL, '1972-01-10', '49', '2005-09-04 00:13:05', NULL);
INSERT INTO `profiles` (`user_id`, `gender`, `birthday`, `photo_id`, `created_at`, `hometown`) VALUES ('52', NULL, '1988-02-21', '80', '1997-02-27 05:43:08', NULL);
INSERT INTO `profiles` (`user_id`, `gender`, `birthday`, `photo_id`, `created_at`, `hometown`) VALUES ('53', NULL, '2009-12-02', '20', '2008-02-19 13:13:57', NULL);
INSERT INTO `profiles` (`user_id`, `gender`, `birthday`, `photo_id`, `created_at`, `hometown`) VALUES ('54', NULL, '2020-12-19', '24', '1971-06-05 18:31:42', NULL);
INSERT INTO `profiles` (`user_id`, `gender`, `birthday`, `photo_id`, `created_at`, `hometown`) VALUES ('55', NULL, '1974-02-27', '90', '1979-08-27 20:19:25', NULL);
INSERT INTO `profiles` (`user_id`, `gender`, `birthday`, `photo_id`, `created_at`, `hometown`) VALUES ('56', NULL, '1982-06-11', '40', '2005-04-20 13:54:33', NULL);
INSERT INTO `profiles` (`user_id`, `gender`, `birthday`, `photo_id`, `created_at`, `hometown`) VALUES ('57', NULL, '2015-08-17', '65', '1970-12-27 22:57:20', NULL);
INSERT INTO `profiles` (`user_id`, `gender`, `birthday`, `photo_id`, `created_at`, `hometown`) VALUES ('58', NULL, '1970-09-05', '57', '2020-11-22 20:16:34', NULL);
INSERT INTO `profiles` (`user_id`, `gender`, `birthday`, `photo_id`, `created_at`, `hometown`) VALUES ('59', NULL, '1970-06-24', '20', '1977-02-28 01:32:22', NULL);
INSERT INTO `profiles` (`user_id`, `gender`, `birthday`, `photo_id`, `created_at`, `hometown`) VALUES ('60', NULL, '1975-09-16', '74', '1987-12-22 07:46:00', NULL);
INSERT INTO `profiles` (`user_id`, `gender`, `birthday`, `photo_id`, `created_at`, `hometown`) VALUES ('61', NULL, '2002-07-13', '95', '2002-04-02 18:16:24', NULL);
INSERT INTO `profiles` (`user_id`, `gender`, `birthday`, `photo_id`, `created_at`, `hometown`) VALUES ('62', NULL, '2001-10-29', '28', '1978-12-05 19:11:03', NULL);
INSERT INTO `profiles` (`user_id`, `gender`, `birthday`, `photo_id`, `created_at`, `hometown`) VALUES ('63', NULL, '2018-02-04', '88', '1987-09-02 23:49:55', NULL);
INSERT INTO `profiles` (`user_id`, `gender`, `birthday`, `photo_id`, `created_at`, `hometown`) VALUES ('64', NULL, '2017-01-16', '66', '1981-06-29 09:29:01', NULL);
INSERT INTO `profiles` (`user_id`, `gender`, `birthday`, `photo_id`, `created_at`, `hometown`) VALUES ('65', NULL, '1986-06-28', '71', '1993-06-21 01:20:18', NULL);
INSERT INTO `profiles` (`user_id`, `gender`, `birthday`, `photo_id`, `created_at`, `hometown`) VALUES ('66', NULL, '1970-04-21', '76', '2015-05-24 22:28:55', NULL);
INSERT INTO `profiles` (`user_id`, `gender`, `birthday`, `photo_id`, `created_at`, `hometown`) VALUES ('67', NULL, '2015-05-09', '6', '2014-12-31 19:39:01', NULL);
INSERT INTO `profiles` (`user_id`, `gender`, `birthday`, `photo_id`, `created_at`, `hometown`) VALUES ('68', NULL, '1990-02-16', '63', '2014-07-23 01:40:32', NULL);
INSERT INTO `profiles` (`user_id`, `gender`, `birthday`, `photo_id`, `created_at`, `hometown`) VALUES ('69', NULL, '2011-04-09', '54', '2010-06-24 02:10:54', NULL);
INSERT INTO `profiles` (`user_id`, `gender`, `birthday`, `photo_id`, `created_at`, `hometown`) VALUES ('70', NULL, '1998-05-07', '38', '1972-07-13 09:33:46', NULL);
INSERT INTO `profiles` (`user_id`, `gender`, `birthday`, `photo_id`, `created_at`, `hometown`) VALUES ('71', NULL, '2010-04-14', '37', '1992-11-12 13:23:54', NULL);
INSERT INTO `profiles` (`user_id`, `gender`, `birthday`, `photo_id`, `created_at`, `hometown`) VALUES ('72', NULL, '2010-10-24', '35', '2014-07-04 04:50:48', NULL);
INSERT INTO `profiles` (`user_id`, `gender`, `birthday`, `photo_id`, `created_at`, `hometown`) VALUES ('73', NULL, '1974-10-10', '52', '2009-04-28 06:39:32', NULL);
INSERT INTO `profiles` (`user_id`, `gender`, `birthday`, `photo_id`, `created_at`, `hometown`) VALUES ('74', NULL, '2022-02-06', '50', '1989-09-21 00:22:34', NULL);
INSERT INTO `profiles` (`user_id`, `gender`, `birthday`, `photo_id`, `created_at`, `hometown`) VALUES ('75', NULL, '1989-05-26', '28', '1989-09-05 19:35:56', NULL);
INSERT INTO `profiles` (`user_id`, `gender`, `birthday`, `photo_id`, `created_at`, `hometown`) VALUES ('76', NULL, '2022-11-25', '34', '2004-05-07 03:11:31', NULL);
INSERT INTO `profiles` (`user_id`, `gender`, `birthday`, `photo_id`, `created_at`, `hometown`) VALUES ('77', NULL, '1986-04-23', '94', '1994-12-02 07:01:26', NULL);
INSERT INTO `profiles` (`user_id`, `gender`, `birthday`, `photo_id`, `created_at`, `hometown`) VALUES ('78', NULL, '1991-09-21', '52', '2006-10-15 17:19:44', NULL);
INSERT INTO `profiles` (`user_id`, `gender`, `birthday`, `photo_id`, `created_at`, `hometown`) VALUES ('79', NULL, '1996-07-17', '100', '1990-04-21 23:50:47', NULL);
INSERT INTO `profiles` (`user_id`, `gender`, `birthday`, `photo_id`, `created_at`, `hometown`) VALUES ('80', NULL, '1984-01-16', '2', '1980-07-28 12:28:09', NULL);
INSERT INTO `profiles` (`user_id`, `gender`, `birthday`, `photo_id`, `created_at`, `hometown`) VALUES ('81', NULL, '1985-11-05', '55', '2003-05-12 15:56:49', NULL);
INSERT INTO `profiles` (`user_id`, `gender`, `birthday`, `photo_id`, `created_at`, `hometown`) VALUES ('82', NULL, '1992-11-04', '27', '1989-04-27 18:12:34', NULL);
INSERT INTO `profiles` (`user_id`, `gender`, `birthday`, `photo_id`, `created_at`, `hometown`) VALUES ('83', NULL, '1973-04-21', '39', '1997-03-24 18:32:13', NULL);
INSERT INTO `profiles` (`user_id`, `gender`, `birthday`, `photo_id`, `created_at`, `hometown`) VALUES ('84', NULL, '1992-03-21', '98', '2002-04-15 08:21:30', NULL);
INSERT INTO `profiles` (`user_id`, `gender`, `birthday`, `photo_id`, `created_at`, `hometown`) VALUES ('85', NULL, '1990-06-28', '46', '1987-07-27 23:05:07', NULL);
INSERT INTO `profiles` (`user_id`, `gender`, `birthday`, `photo_id`, `created_at`, `hometown`) VALUES ('86', NULL, '1999-02-02', '87', '2001-03-23 11:35:16', NULL);
INSERT INTO `profiles` (`user_id`, `gender`, `birthday`, `photo_id`, `created_at`, `hometown`) VALUES ('87', NULL, '1976-12-14', '85', '1987-09-18 14:52:16', NULL);
INSERT INTO `profiles` (`user_id`, `gender`, `birthday`, `photo_id`, `created_at`, `hometown`) VALUES ('88', NULL, '2009-07-25', '92', '1970-06-23 12:24:16', NULL);
INSERT INTO `profiles` (`user_id`, `gender`, `birthday`, `photo_id`, `created_at`, `hometown`) VALUES ('89', NULL, '2001-03-26', '22', '1985-01-30 13:21:35', NULL);
INSERT INTO `profiles` (`user_id`, `gender`, `birthday`, `photo_id`, `created_at`, `hometown`) VALUES ('90', NULL, '1975-04-14', '86', '1996-12-15 16:35:29', NULL);
INSERT INTO `profiles` (`user_id`, `gender`, `birthday`, `photo_id`, `created_at`, `hometown`) VALUES ('91', NULL, '1985-10-03', '86', '1975-08-02 07:00:29', NULL);
INSERT INTO `profiles` (`user_id`, `gender`, `birthday`, `photo_id`, `created_at`, `hometown`) VALUES ('92', NULL, '1991-05-22', '22', '1983-10-24 03:05:01', NULL);
INSERT INTO `profiles` (`user_id`, `gender`, `birthday`, `photo_id`, `created_at`, `hometown`) VALUES ('93', NULL, '2011-11-09', '20', '1971-06-03 07:25:29', NULL);
INSERT INTO `profiles` (`user_id`, `gender`, `birthday`, `photo_id`, `created_at`, `hometown`) VALUES ('94', NULL, '1982-12-01', '33', '2013-10-21 23:49:59', NULL);
INSERT INTO `profiles` (`user_id`, `gender`, `birthday`, `photo_id`, `created_at`, `hometown`) VALUES ('95', NULL, '1998-04-20', '20', '2004-01-02 03:21:46', NULL);
INSERT INTO `profiles` (`user_id`, `gender`, `birthday`, `photo_id`, `created_at`, `hometown`) VALUES ('96', NULL, '1996-01-02', '9', '2021-10-04 21:35:33', NULL);
INSERT INTO `profiles` (`user_id`, `gender`, `birthday`, `photo_id`, `created_at`, `hometown`) VALUES ('97', NULL, '2007-02-19', '94', '2013-02-13 21:45:14', NULL);
INSERT INTO `profiles` (`user_id`, `gender`, `birthday`, `photo_id`, `created_at`, `hometown`) VALUES ('98', NULL, '1986-03-14', '55', '2022-04-08 11:11:31', NULL);
INSERT INTO `profiles` (`user_id`, `gender`, `birthday`, `photo_id`, `created_at`, `hometown`) VALUES ('99', NULL, '2006-10-15', '46', '2017-02-08 20:22:27', NULL);
INSERT INTO `profiles` (`user_id`, `gender`, `birthday`, `photo_id`, `created_at`, `hometown`) VALUES ('100', NULL, '1984-03-20', '60', '2020-10-18 10:41:37', NULL);



INSERT INTO `messages` (`id`, `from_user_id`, `to_user_id`, `body`, `created_at`) VALUES ('1', '66', '45', 'Ea laborum nihil et quisquam quaerat vero. Repudiandae dolorum ullam quo. Illum autem hic et eum.', '1994-10-14 16:22:31');
INSERT INTO `messages` (`id`, `from_user_id`, `to_user_id`, `body`, `created_at`) VALUES ('2', '12', '89', 'Reiciendis quas est non recusandae dolores dolore quia. Sed omnis soluta earum quam harum.', '1992-10-02 23:47:36');
INSERT INTO `messages` (`id`, `from_user_id`, `to_user_id`, `body`, `created_at`) VALUES ('3', '37', '66', 'Ratione voluptatibus aut consequuntur ut. Ad odio eius illum et. Fugiat qui placeat aut repellat recusandae iure. Soluta quis alias ducimus non molestias delectus ipsa.', '1994-11-18 04:02:36');
INSERT INTO `messages` (`id`, `from_user_id`, `to_user_id`, `body`, `created_at`) VALUES ('4', '7', '75', 'Consectetur hic ducimus quia debitis ratione nam non. Iste eum ab quo consequuntur dolorum rerum corporis. Sapiente repellat aut exercitationem adipisci. Nam corporis veritatis similique voluptatum. Illo autem rem a atque rem.', '1984-06-12 13:36:02');
INSERT INTO `messages` (`id`, `from_user_id`, `to_user_id`, `body`, `created_at`) VALUES ('5', '29', '88', 'Voluptas tenetur soluta ea saepe ea. Unde ut eum quia dolorem cum doloremque. Eligendi non et ratione. Et neque qui omnis repellendus nostrum.', '1994-05-01 20:23:20');
INSERT INTO `messages` (`id`, `from_user_id`, `to_user_id`, `body`, `created_at`) VALUES ('6', '42', '33', 'Rerum voluptate enim iusto consequatur qui quaerat exercitationem voluptas. Voluptatem tempora quia ipsum deserunt. Asperiores commodi error omnis odio repudiandae. Magni error quod sequi amet voluptatem modi earum.', '1990-07-15 14:27:28');
INSERT INTO `messages` (`id`, `from_user_id`, `to_user_id`, `body`, `created_at`) VALUES ('7', '20', '76', 'Deleniti enim doloribus voluptatibus. Nesciunt et itaque harum quia alias. Amet consequatur quaerat velit dolores iste et. Harum optio quis id laborum perspiciatis ut veritatis nihil.', '2005-04-01 16:13:28');
INSERT INTO `messages` (`id`, `from_user_id`, `to_user_id`, `body`, `created_at`) VALUES ('8', '22', '16', 'Error odit quas laudantium soluta qui praesentium. Ut non porro veritatis blanditiis sed ipsum repellendus. Porro provident eaque tempore quaerat. Nulla quia optio optio ut voluptatibus et. Nihil sed repellat voluptates suscipit esse ex.', '1974-02-05 01:04:13');
INSERT INTO `messages` (`id`, `from_user_id`, `to_user_id`, `body`, `created_at`) VALUES ('9', '50', '22', 'Laudantium et deserunt excepturi. Nam ut quos explicabo. Aperiam voluptatem qui saepe. Accusantium ex nihil velit voluptas sequi provident facilis dolore.', '1971-02-25 02:14:26');
INSERT INTO `messages` (`id`, `from_user_id`, `to_user_id`, `body`, `created_at`) VALUES ('10', '72', '27', 'Aut possimus laudantium praesentium at modi iusto quidem voluptas. Est et recusandae sequi maxime perferendis provident. Debitis cupiditate ducimus culpa a et adipisci est. Totam qui assumenda sapiente iure laudantium. Enim nobis quisquam odio delectus qui et praesentium.', '1994-09-10 21:35:15');
INSERT INTO `messages` (`id`, `from_user_id`, `to_user_id`, `body`, `created_at`) VALUES ('11', '89', '28', 'Ullam voluptatum provident et ea ea. Unde libero deleniti vitae in voluptas cupiditate dicta ab. Odio in nemo sit non.', '1972-10-15 18:36:33');
INSERT INTO `messages` (`id`, `from_user_id`, `to_user_id`, `body`, `created_at`) VALUES ('12', '60', '33', 'Maiores eos nihil animi a ut molestias modi quo. Est illo sunt quis perferendis est. Voluptatem aspernatur ipsa sint necessitatibus et non. Temporibus eius vel ut deleniti voluptas voluptates eum illum.', '2021-11-18 13:55:05');
INSERT INTO `messages` (`id`, `from_user_id`, `to_user_id`, `body`, `created_at`) VALUES ('13', '41', '3', 'Voluptatem optio ab consequuntur corrupti ut. Modi necessitatibus minima qui dolor consequatur. Id architecto laudantium hic perferendis eligendi.', '1977-06-27 23:08:53');
INSERT INTO `messages` (`id`, `from_user_id`, `to_user_id`, `body`, `created_at`) VALUES ('14', '39', '96', 'Et nostrum numquam enim ipsam tempora commodi. Repellat dicta ut natus itaque ducimus rerum. Eaque omnis culpa officiis. Possimus sint et ipsum unde voluptas praesentium.', '2011-07-27 03:31:23');
INSERT INTO `messages` (`id`, `from_user_id`, `to_user_id`, `body`, `created_at`) VALUES ('15', '56', '95', 'Similique nemo deserunt fuga eius iusto ad ad excepturi. Aliquam sunt nihil incidunt aut facilis explicabo.', '1988-08-11 00:42:13');
INSERT INTO `messages` (`id`, `from_user_id`, `to_user_id`, `body`, `created_at`) VALUES ('16', '95', '15', 'Fugiat vitae accusamus eum vero officiis pariatur. Rerum sapiente vel soluta illum saepe. Consequatur et quae necessitatibus quod repudiandae et magnam.', '1974-04-16 04:27:15');
INSERT INTO `messages` (`id`, `from_user_id`, `to_user_id`, `body`, `created_at`) VALUES ('17', '24', '14', 'Vel assumenda quia non sint expedita. Unde autem sunt et. Odit modi sint eligendi animi et consequatur numquam.', '2023-03-17 00:37:51');
INSERT INTO `messages` (`id`, `from_user_id`, `to_user_id`, `body`, `created_at`) VALUES ('18', '27', '24', 'Expedita id error et laboriosam. Nemo necessitatibus accusantium ea ea id non.', '2010-02-23 16:54:39');
INSERT INTO `messages` (`id`, `from_user_id`, `to_user_id`, `body`, `created_at`) VALUES ('19', '69', '57', 'Quo facilis quia voluptas sit quod tempore. Consequatur quam quas qui rerum enim. Culpa quae quas aperiam doloribus molestias. Qui dolores ratione recusandae repellendus distinctio qui.', '2002-06-23 09:29:49');
INSERT INTO `messages` (`id`, `from_user_id`, `to_user_id`, `body`, `created_at`) VALUES ('20', '54', '100', 'Laboriosam quia nulla laborum esse repellat vel aut. Et adipisci natus magni quia. Fugiat excepturi aut voluptatem.', '1975-01-11 13:39:52');
INSERT INTO `messages` (`id`, `from_user_id`, `to_user_id`, `body`, `created_at`) VALUES ('21', '74', '69', 'Similique velit mollitia tempora eius. Iusto omnis aut sint qui eveniet natus aut nihil. Quibusdam ea qui quaerat provident id eum eos.', '1988-10-23 22:42:41');
INSERT INTO `messages` (`id`, `from_user_id`, `to_user_id`, `body`, `created_at`) VALUES ('22', '57', '34', 'Non neque laudantium autem labore ipsum nesciunt ipsa. Maiores natus ullam nulla sint velit aperiam vel.', '1976-08-30 07:54:46');
INSERT INTO `messages` (`id`, `from_user_id`, `to_user_id`, `body`, `created_at`) VALUES ('23', '87', '69', 'Rerum sunt dolor natus et cumque esse et. Voluptas praesentium sunt dolor aut quia nisi alias. Atque blanditiis voluptatibus consequuntur omnis quia eum dolorum. Et porro cumque aut fugiat sapiente ea.', '2010-12-18 22:16:03');
INSERT INTO `messages` (`id`, `from_user_id`, `to_user_id`, `body`, `created_at`) VALUES ('24', '84', '2', 'Suscipit cum velit sapiente cupiditate velit aut repudiandae aut. Fuga sit aliquid nostrum similique consequatur et. Vel ut molestiae sit animi ut dolorem. Voluptatem aut ducimus rerum sed. Aliquam ipsam ab ab delectus omnis qui.', '1980-04-07 03:44:39');
INSERT INTO `messages` (`id`, `from_user_id`, `to_user_id`, `body`, `created_at`) VALUES ('25', '24', '55', 'Accusantium tempora corporis omnis reprehenderit. Architecto laboriosam odit aut. Odit et aut error aperiam sit rem. Accusantium voluptatem et tempore voluptatem esse pariatur quam maiores.', '2012-10-19 02:23:47');
INSERT INTO `messages` (`id`, `from_user_id`, `to_user_id`, `body`, `created_at`) VALUES ('26', '71', '70', 'Excepturi velit qui ea dignissimos ea pariatur. Laudantium animi voluptatem veritatis quod maiores. Numquam eius ipsam quae cupiditate. Quos cupiditate expedita nobis voluptatem porro quia sed voluptatem.', '2013-06-01 19:24:19');
INSERT INTO `messages` (`id`, `from_user_id`, `to_user_id`, `body`, `created_at`) VALUES ('27', '61', '59', 'Doloremque quaerat magni id. Distinctio occaecati qui et odit. Facere placeat qui neque ex sed ut. Tenetur deleniti molestiae est quas sed reiciendis nihil.', '1983-06-24 02:18:26');
INSERT INTO `messages` (`id`, `from_user_id`, `to_user_id`, `body`, `created_at`) VALUES ('28', '66', '53', 'Veritatis quod atque hic aut aut et. Quibusdam et consequuntur dolores. Odio est id nostrum voluptatem.', '1975-03-22 08:21:09');
INSERT INTO `messages` (`id`, `from_user_id`, `to_user_id`, `body`, `created_at`) VALUES ('29', '28', '17', 'Tenetur nemo ut vel pariatur est. Provident quibusdam enim illum mollitia nostrum dolorum tempora ratione. Labore voluptas ut ut tenetur et ipsa. Laudantium ipsam dicta rerum quia omnis.', '1979-11-10 22:29:00');
INSERT INTO `messages` (`id`, `from_user_id`, `to_user_id`, `body`, `created_at`) VALUES ('30', '68', '52', 'Est et ullam ipsum quaerat qui qui eligendi impedit. Dolorum autem totam sunt officiis aperiam. Aut eius provident expedita. Totam in beatae quam eveniet sed voluptatem.', '1971-11-05 02:40:48');
INSERT INTO `messages` (`id`, `from_user_id`, `to_user_id`, `body`, `created_at`) VALUES ('31', '27', '99', 'Non dicta qui molestiae et non. Doloribus aperiam et corrupti error doloremque consequatur. Sint ab aperiam qui ea.', '1986-05-25 23:30:33');
INSERT INTO `messages` (`id`, `from_user_id`, `to_user_id`, `body`, `created_at`) VALUES ('32', '75', '73', 'Accusamus sunt odio sed officia. Consequuntur ut rerum porro deserunt perspiciatis aut quisquam ut. Quis quia consequatur necessitatibus voluptatem animi ut quibusdam. Incidunt commodi impedit non alias ut. Aut et quaerat voluptatem labore molestiae odit.', '1985-04-02 06:30:17');
INSERT INTO `messages` (`id`, `from_user_id`, `to_user_id`, `body`, `created_at`) VALUES ('33', '70', '74', 'Sunt voluptas voluptate nisi quod sit sequi sed. Esse commodi non impedit dolores et cum harum. Ut expedita minus et.', '1975-07-09 20:01:25');
INSERT INTO `messages` (`id`, `from_user_id`, `to_user_id`, `body`, `created_at`) VALUES ('34', '86', '33', 'Repellendus voluptatem placeat qui deserunt. Et iste ut deleniti at reprehenderit tempora nobis quo. Explicabo quae ut cumque ad minima sint.', '2009-08-20 09:46:38');
INSERT INTO `messages` (`id`, `from_user_id`, `to_user_id`, `body`, `created_at`) VALUES ('35', '82', '65', 'Quo id perferendis minus accusantium quisquam ducimus. Eveniet et et recusandae voluptatem accusamus veniam fugiat. Aut autem placeat expedita labore.', '1988-01-15 01:45:41');
INSERT INTO `messages` (`id`, `from_user_id`, `to_user_id`, `body`, `created_at`) VALUES ('36', '77', '98', 'Ut quia dolor sed alias odit commodi rerum. Maiores neque aspernatur repudiandae sit. Quibusdam voluptatibus reprehenderit fuga amet eum nam cupiditate. Sint ut ad voluptatum corporis ab labore voluptatibus.', '1973-04-30 01:51:36');
INSERT INTO `messages` (`id`, `from_user_id`, `to_user_id`, `body`, `created_at`) VALUES ('37', '89', '17', 'Illo maxime consequatur natus nesciunt. Velit pariatur provident numquam enim at est. Aliquid ipsa mollitia ratione sit. Alias exercitationem minus dolorem rerum et vel vel.', '2003-09-20 22:14:17');
INSERT INTO `messages` (`id`, `from_user_id`, `to_user_id`, `body`, `created_at`) VALUES ('38', '78', '72', 'Sit ad velit reprehenderit laborum sapiente quis velit. Illum et quia quia libero facilis fugit. Aut tempore modi commodi esse omnis.', '1987-09-07 10:57:05');
INSERT INTO `messages` (`id`, `from_user_id`, `to_user_id`, `body`, `created_at`) VALUES ('39', '56', '81', 'Explicabo culpa ut voluptates. Ipsam hic exercitationem tempora saepe ipsam asperiores voluptas. Voluptatibus rerum et cumque porro asperiores possimus maxime. Iusto blanditiis et consequatur. Repellendus est maiores possimus.', '1984-07-01 00:16:04');
INSERT INTO `messages` (`id`, `from_user_id`, `to_user_id`, `body`, `created_at`) VALUES ('40', '16', '69', 'Quos nostrum ab voluptas non voluptas magni non. Excepturi vitae esse quam. Dolores debitis dolores porro voluptas quis.', '1975-03-08 18:26:39');
INSERT INTO `messages` (`id`, `from_user_id`, `to_user_id`, `body`, `created_at`) VALUES ('41', '30', '100', 'Consequatur voluptatum accusamus facere. Sunt ut consectetur voluptatem in incidunt velit culpa incidunt. Dignissimos cumque reprehenderit quia tempora omnis omnis.', '1996-12-19 10:00:38');
INSERT INTO `messages` (`id`, `from_user_id`, `to_user_id`, `body`, `created_at`) VALUES ('42', '47', '3', 'Repellendus non rem quod odit molestias. Voluptatum magnam fugiat corrupti consequatur quia. Culpa voluptas omnis iste sequi. Nesciunt quaerat animi suscipit non quos sapiente.', '2012-07-17 19:46:07');
INSERT INTO `messages` (`id`, `from_user_id`, `to_user_id`, `body`, `created_at`) VALUES ('43', '53', '92', 'Vero porro laborum enim tenetur sunt id facilis. Nesciunt repellendus officia dolor deserunt adipisci eos. Aut consectetur totam ut eligendi.', '1989-01-26 11:53:36');
INSERT INTO `messages` (`id`, `from_user_id`, `to_user_id`, `body`, `created_at`) VALUES ('44', '67', '6', 'Quisquam ab repudiandae ut cum non placeat. Est enim qui dolores. Repellendus harum ab eius nisi. Fuga eos doloribus et impedit ipsum neque optio.', '2003-06-20 11:55:21');
INSERT INTO `messages` (`id`, `from_user_id`, `to_user_id`, `body`, `created_at`) VALUES ('45', '74', '11', 'Unde eos nemo rerum vitae eaque nisi commodi. Pariatur quis doloribus culpa. Earum nobis dignissimos voluptatem fuga. Consequatur qui velit ut quo vitae ut est nisi.', '1988-10-18 08:40:51');
INSERT INTO `messages` (`id`, `from_user_id`, `to_user_id`, `body`, `created_at`) VALUES ('46', '40', '8', 'Ea aut dolore sed quidem est reprehenderit. Itaque aspernatur ducimus assumenda est rerum blanditiis. Quasi cumque exercitationem autem ipsum voluptatem adipisci delectus quibusdam.', '1991-04-27 21:16:42');
INSERT INTO `messages` (`id`, `from_user_id`, `to_user_id`, `body`, `created_at`) VALUES ('47', '30', '45', 'Minima laboriosam dolorem at ratione. Pariatur repellendus vero officiis est alias aliquid totam. Velit officiis accusantium porro eum ex deleniti. Possimus deserunt et a fugiat.', '2023-03-06 05:41:51');
INSERT INTO `messages` (`id`, `from_user_id`, `to_user_id`, `body`, `created_at`) VALUES ('48', '100', '69', 'Nam ea sit provident et sequi quis consectetur. Magni aut fugiat architecto. Necessitatibus quia corrupti ex aut. Et harum omnis quo harum corporis voluptatem ut.', '1986-06-25 11:18:07');
INSERT INTO `messages` (`id`, `from_user_id`, `to_user_id`, `body`, `created_at`) VALUES ('49', '52', '77', 'Totam omnis rerum id in odit nesciunt dignissimos et. Libero minima eum voluptatibus itaque non et. Ut et quos quidem quae dolorem delectus eaque.', '2006-01-09 12:04:16');
INSERT INTO `messages` (`id`, `from_user_id`, `to_user_id`, `body`, `created_at`) VALUES ('50', '67', '25', 'Non est repellat inventore odio. Quidem neque nostrum eos animi dignissimos eos.', '2006-10-05 05:26:03');
INSERT INTO `messages` (`id`, `from_user_id`, `to_user_id`, `body`, `created_at`) VALUES ('51', '18', '53', 'Dolore commodi dolorem exercitationem et quaerat nobis. Molestias omnis repudiandae corporis doloremque voluptas nihil fugiat voluptatum. Reiciendis est nihil sunt voluptatem optio. Quasi dolor nobis consectetur veritatis nisi enim aspernatur.', '2007-10-19 05:26:10');
INSERT INTO `messages` (`id`, `from_user_id`, `to_user_id`, `body`, `created_at`) VALUES ('52', '15', '9', 'Et et fuga eligendi et doloremque et. Iure ut ea voluptas officia in facilis. Nihil quis nobis beatae ut. Sed ut omnis accusantium consequatur sunt.', '1986-10-01 09:06:54');
INSERT INTO `messages` (`id`, `from_user_id`, `to_user_id`, `body`, `created_at`) VALUES ('53', '93', '24', 'Sunt recusandae quia debitis voluptatum animi et. Facere sunt corrupti tempore consequatur est quod. Est quis sed expedita praesentium laboriosam at. Tempora rerum qui molestiae aspernatur ipsam.', '2005-08-12 09:40:49');
INSERT INTO `messages` (`id`, `from_user_id`, `to_user_id`, `body`, `created_at`) VALUES ('54', '53', '91', 'Asperiores sit est dignissimos et tempora aliquid laudantium. Quas tempore pariatur est qui. Quas voluptas molestias error. Aliquam eos harum quia fugit. Voluptatum assumenda deserunt tempora dicta ex dolore possimus.', '1992-12-08 04:55:06');
INSERT INTO `messages` (`id`, `from_user_id`, `to_user_id`, `body`, `created_at`) VALUES ('55', '72', '55', 'Nihil earum sunt quae voluptas soluta enim. Vitae inventore omnis assumenda nesciunt inventore quo natus dignissimos. Aut libero rerum sunt adipisci praesentium sit suscipit.', '1995-08-14 18:09:26');
INSERT INTO `messages` (`id`, `from_user_id`, `to_user_id`, `body`, `created_at`) VALUES ('56', '51', '33', 'Id adipisci ex et accusantium quia ratione quos. Ut delectus a explicabo quo. Velit omnis dolorem vitae et beatae. Molestiae et ullam molestiae ea aut tempora.', '1992-03-29 04:01:59');
INSERT INTO `messages` (`id`, `from_user_id`, `to_user_id`, `body`, `created_at`) VALUES ('57', '75', '16', 'Qui magni rerum laudantium rerum sapiente. Perferendis tempore ea illum et error et eos. Quas esse perspiciatis velit ea.', '1996-03-20 08:05:59');
INSERT INTO `messages` (`id`, `from_user_id`, `to_user_id`, `body`, `created_at`) VALUES ('58', '64', '75', 'Ullam pariatur voluptate excepturi. Quisquam dolor labore impedit qui. Ratione voluptatibus consequuntur et error dolor ut quisquam.', '1999-11-06 16:55:38');
INSERT INTO `messages` (`id`, `from_user_id`, `to_user_id`, `body`, `created_at`) VALUES ('59', '50', '44', 'Provident est occaecati atque praesentium. Sunt beatae officia consequuntur recusandae et et. Nulla fugiat reprehenderit velit atque alias qui laudantium. Sed corporis ut architecto sunt.', '1976-09-09 22:56:36');
INSERT INTO `messages` (`id`, `from_user_id`, `to_user_id`, `body`, `created_at`) VALUES ('60', '59', '71', 'Dolorem molestiae consequatur voluptas doloribus qui eos doloremque. Consequatur odit dolor et provident aperiam. Omnis voluptas qui fuga eligendi in. Impedit enim ad excepturi minus qui est voluptas. Temporibus qui qui est inventore voluptas.', '2006-01-25 02:19:26');
INSERT INTO `messages` (`id`, `from_user_id`, `to_user_id`, `body`, `created_at`) VALUES ('61', '71', '23', 'Illum sunt velit harum odit illo nisi. Ratione quidem molestiae accusantium nostrum nulla sequi quaerat dolor. Et molestiae earum quia sed quaerat vel.', '1990-11-05 20:01:51');
INSERT INTO `messages` (`id`, `from_user_id`, `to_user_id`, `body`, `created_at`) VALUES ('62', '25', '10', 'Officia et nostrum est fugit placeat. Illum illo ut sit maiores. Modi in labore ipsam aut neque expedita. Ea vero possimus qui ut et. Exercitationem dignissimos et similique voluptate est.', '2004-12-06 00:11:58');
INSERT INTO `messages` (`id`, `from_user_id`, `to_user_id`, `body`, `created_at`) VALUES ('63', '86', '1', 'Ut perferendis sed iste a. Excepturi iste rerum ut rerum sed incidunt.', '2012-03-26 14:24:17');
INSERT INTO `messages` (`id`, `from_user_id`, `to_user_id`, `body`, `created_at`) VALUES ('64', '89', '68', 'In eligendi dolor ratione est minima velit aspernatur sint. Ratione eligendi dolorem cum ea vel est quo sunt.', '2014-11-17 11:04:13');
INSERT INTO `messages` (`id`, `from_user_id`, `to_user_id`, `body`, `created_at`) VALUES ('65', '37', '6', 'Molestiae voluptates est rerum deleniti porro incidunt nam illum. Deserunt enim rerum omnis ab dolorum vel. Quo fuga eveniet aut ut blanditiis et. Officiis qui in mollitia dolores ratione dolores cumque.', '1974-09-29 10:12:44');
INSERT INTO `messages` (`id`, `from_user_id`, `to_user_id`, `body`, `created_at`) VALUES ('66', '75', '9', 'Sint nemo quidem incidunt eveniet. Dolor inventore tenetur dolor repudiandae praesentium eos quod. Asperiores et accusantium voluptas rem dolorem occaecati a.', '1975-08-01 09:48:49');
INSERT INTO `messages` (`id`, `from_user_id`, `to_user_id`, `body`, `created_at`) VALUES ('67', '73', '58', 'Quasi cum tempore saepe expedita delectus expedita rerum officiis. Veniam molestiae quae illo asperiores cum possimus quas magnam. Possimus error voluptas alias magnam nobis iste ea. Omnis rem nihil enim cum amet tempora. Qui voluptatem incidunt laboriosam.', '2016-05-29 06:12:52');
INSERT INTO `messages` (`id`, `from_user_id`, `to_user_id`, `body`, `created_at`) VALUES ('68', '4', '97', 'Qui quia voluptatibus excepturi temporibus. Placeat sunt illo quis culpa rerum autem. Qui sit ex illo. Repellendus voluptatem aut iste voluptas.', '2010-09-18 05:26:44');
INSERT INTO `messages` (`id`, `from_user_id`, `to_user_id`, `body`, `created_at`) VALUES ('69', '83', '74', 'Illo optio sunt laboriosam. Placeat ut repudiandae aut dolorem accusamus. Reprehenderit et omnis provident quisquam.', '2022-05-17 17:22:10');
INSERT INTO `messages` (`id`, `from_user_id`, `to_user_id`, `body`, `created_at`) VALUES ('70', '44', '15', 'Adipisci qui qui omnis quia soluta aut modi saepe. Sit atque praesentium nobis tempore ea in. Qui voluptatem cumque voluptatem quia tempore dicta.', '1975-02-18 04:13:26');
INSERT INTO `messages` (`id`, `from_user_id`, `to_user_id`, `body`, `created_at`) VALUES ('71', '4', '56', 'Nesciunt dolorem pariatur alias placeat beatae hic. Et doloremque sint dolorem qui. Est ut sed facilis.', '1994-01-27 08:45:57');
INSERT INTO `messages` (`id`, `from_user_id`, `to_user_id`, `body`, `created_at`) VALUES ('72', '3', '69', 'Unde ut rerum aut vel reiciendis iste tempore ullam. Quia earum non unde harum consequuntur quis quas. Nulla veritatis nemo ipsam harum.', '1980-07-07 23:17:03');
INSERT INTO `messages` (`id`, `from_user_id`, `to_user_id`, `body`, `created_at`) VALUES ('73', '42', '90', 'Eos aut perferendis delectus molestias earum itaque. Iure est id modi expedita. Ea a aliquam iure sint voluptate qui sapiente repellendus.', '1994-03-03 02:50:48');
INSERT INTO `messages` (`id`, `from_user_id`, `to_user_id`, `body`, `created_at`) VALUES ('74', '76', '32', 'Doloremque minima fuga aliquid architecto id minus. Eius vel nesciunt esse quaerat.', '1987-04-08 20:29:21');
INSERT INTO `messages` (`id`, `from_user_id`, `to_user_id`, `body`, `created_at`) VALUES ('75', '60', '79', 'Sapiente dolor veniam quasi. Enim fugiat ex reprehenderit id asperiores nemo architecto. Dolorum commodi nulla assumenda tempore pariatur quia cumque.', '2014-04-23 05:20:06');
INSERT INTO `messages` (`id`, `from_user_id`, `to_user_id`, `body`, `created_at`) VALUES ('76', '87', '74', 'Autem sit quis ut nesciunt adipisci. In qui et ipsa voluptatem. Veniam dolorum doloremque in tenetur et enim temporibus cupiditate.', '1999-05-16 23:16:21');
INSERT INTO `messages` (`id`, `from_user_id`, `to_user_id`, `body`, `created_at`) VALUES ('77', '58', '49', 'Voluptatem molestiae officiis et occaecati. Illum non officia vel ipsa magnam. Laudantium accusamus qui maxime dolore ut pariatur.', '2022-03-31 15:43:23');
INSERT INTO `messages` (`id`, `from_user_id`, `to_user_id`, `body`, `created_at`) VALUES ('78', '78', '25', 'Est voluptatum odit hic similique. Nihil dolor atque iusto voluptatem. Et et voluptates alias non maxime. Incidunt illo et ut fugiat ipsum ea.', '1980-11-12 20:43:02');
INSERT INTO `messages` (`id`, `from_user_id`, `to_user_id`, `body`, `created_at`) VALUES ('79', '13', '24', 'Consectetur laboriosam est nobis et voluptas quia. Ducimus quibusdam ut voluptas temporibus doloremque enim eveniet non. Omnis labore debitis sunt. Debitis et sint sit fugiat est vel repudiandae.', '2020-04-07 08:09:46');
INSERT INTO `messages` (`id`, `from_user_id`, `to_user_id`, `body`, `created_at`) VALUES ('80', '45', '9', 'Vitae numquam voluptas exercitationem dolor molestias quos. Enim aut laboriosam magni corporis. Rerum id qui dicta ipsum occaecati totam aspernatur. Itaque optio sit aperiam ut fugit eligendi dolores. Dolorum qui quo earum esse culpa molestias et corporis.', '2006-09-25 11:00:30');
INSERT INTO `messages` (`id`, `from_user_id`, `to_user_id`, `body`, `created_at`) VALUES ('81', '72', '71', 'Rem voluptates voluptatem deleniti magni vel exercitationem. Ad autem et tempore et quia magnam nulla quod. Velit totam rem illo voluptates voluptatem. Maxime eius labore officiis delectus odit placeat qui.', '1998-06-13 03:18:57');
INSERT INTO `messages` (`id`, `from_user_id`, `to_user_id`, `body`, `created_at`) VALUES ('82', '50', '44', 'Doloribus animi temporibus qui impedit perferendis. Sequi veniam repellendus odio nesciunt sapiente alias assumenda. Sit vitae quasi voluptas est et.', '2009-03-16 02:14:45');
INSERT INTO `messages` (`id`, `from_user_id`, `to_user_id`, `body`, `created_at`) VALUES ('83', '17', '68', 'Dolorem sapiente sed aperiam quidem excepturi dolorem placeat provident. Nulla vero quasi voluptas. Vel voluptatum minus nesciunt deserunt.', '2015-09-03 12:21:20');
INSERT INTO `messages` (`id`, `from_user_id`, `to_user_id`, `body`, `created_at`) VALUES ('84', '51', '94', 'Quis dolor alias et animi ut est occaecati. Commodi quibusdam accusantium ipsum dolorem aut veritatis. Est soluta tempora iste tempora magnam sed culpa quo. Cumque quis id sed odit ratione error.', '2021-12-31 23:15:37');
INSERT INTO `messages` (`id`, `from_user_id`, `to_user_id`, `body`, `created_at`) VALUES ('85', '10', '33', 'Est nulla cum ullam suscipit alias est maxime nostrum. Aliquid vitae incidunt necessitatibus accusamus fugit sed. Natus nisi architecto et pariatur deleniti. In veritatis consequatur et et omnis dolor.', '1988-03-14 06:54:08');
INSERT INTO `messages` (`id`, `from_user_id`, `to_user_id`, `body`, `created_at`) VALUES ('86', '71', '5', 'Provident velit consequatur consequatur repellendus. Neque aut nisi fugiat autem dolores error earum. Maxime aut molestiae sit id.', '2021-12-31 04:16:13');
INSERT INTO `messages` (`id`, `from_user_id`, `to_user_id`, `body`, `created_at`) VALUES ('87', '2', '97', 'Aut libero nam quis nihil maxime. Sed quo quo corporis laudantium atque deleniti vel. Qui omnis est aut labore.', '1974-04-18 05:06:59');
INSERT INTO `messages` (`id`, `from_user_id`, `to_user_id`, `body`, `created_at`) VALUES ('88', '43', '15', 'Nam alias facere ex. Corporis dolorem est dolor temporibus accusamus. Consequatur delectus quo inventore eos.', '2014-06-20 01:32:18');
INSERT INTO `messages` (`id`, `from_user_id`, `to_user_id`, `body`, `created_at`) VALUES ('89', '39', '36', 'Facere sunt iste labore modi commodi sed veniam. Culpa ipsa dolorem natus cumque porro quis culpa omnis. Quis laudantium sit quod tenetur architecto facere rerum. Rerum dolores quibusdam asperiores velit.', '1999-02-28 08:25:11');
INSERT INTO `messages` (`id`, `from_user_id`, `to_user_id`, `body`, `created_at`) VALUES ('90', '54', '62', 'Sit quas vel deserunt voluptatem. Aliquid animi esse ipsum ad. Hic id dicta reiciendis atque voluptatem eum nesciunt. Quasi quia et cumque fugiat illum accusamus in.', '1992-06-16 03:14:20');
INSERT INTO `messages` (`id`, `from_user_id`, `to_user_id`, `body`, `created_at`) VALUES ('91', '50', '98', 'Aut a qui vel culpa sint qui. Molestiae ea quis est et reiciendis. Modi modi eaque delectus nostrum. Est repellendus est ipsum vitae.', '1977-07-14 03:58:00');
INSERT INTO `messages` (`id`, `from_user_id`, `to_user_id`, `body`, `created_at`) VALUES ('92', '5', '3', 'Unde voluptatem dignissimos et natus incidunt nulla. Illo laboriosam est voluptatem cupiditate iste et quo. Sequi necessitatibus enim tenetur magnam ut a. Non officiis libero dignissimos distinctio maiores nobis. At qui id dolor ratione error vero quia.', '1977-08-12 09:07:00');
INSERT INTO `messages` (`id`, `from_user_id`, `to_user_id`, `body`, `created_at`) VALUES ('93', '8', '16', 'Et sit placeat asperiores id earum. Sapiente quis voluptatibus sint ut repudiandae. Enim officiis voluptatem voluptate reprehenderit quae consequatur ex. Et minus fugiat earum cumque doloremque necessitatibus.', '2021-01-26 22:36:09');
INSERT INTO `messages` (`id`, `from_user_id`, `to_user_id`, `body`, `created_at`) VALUES ('94', '91', '4', 'Deserunt qui nihil culpa aut aut accusantium laborum. Soluta enim beatae maxime nam unde rerum eum. Nesciunt veritatis qui hic nesciunt culpa eum possimus. Est ipsum ut omnis eos aliquam dignissimos consequatur dolor.', '1984-03-30 08:38:31');
INSERT INTO `messages` (`id`, `from_user_id`, `to_user_id`, `body`, `created_at`) VALUES ('95', '84', '95', 'Iusto eos laboriosam autem quibusdam iusto possimus non vel. Quod consectetur ut labore veritatis. Quod voluptas aspernatur et labore rerum perspiciatis omnis. Quia aut tenetur voluptatibus quisquam vitae velit omnis.', '2021-12-10 18:57:56');
INSERT INTO `messages` (`id`, `from_user_id`, `to_user_id`, `body`, `created_at`) VALUES ('96', '62', '6', 'Dolores consectetur eaque ab ipsum. Iure esse dolor rerum et fuga culpa qui voluptatum. Eveniet et quidem fuga debitis ut eaque. Doloremque quis vel distinctio et rerum nam enim.', '2023-01-24 04:56:38');
INSERT INTO `messages` (`id`, `from_user_id`, `to_user_id`, `body`, `created_at`) VALUES ('97', '81', '89', 'Reprehenderit ea distinctio sit reiciendis consectetur natus. Quod odio voluptas labore cum labore. Autem minima veniam et libero qui et sint. Beatae delectus vel facere voluptatibus nostrum. Sed exercitationem corrupti in aut ducimus laboriosam.', '1979-08-28 00:49:14');
INSERT INTO `messages` (`id`, `from_user_id`, `to_user_id`, `body`, `created_at`) VALUES ('98', '83', '56', 'Aliquam aspernatur exercitationem ut et. Assumenda molestiae quia tempore voluptate blanditiis sed voluptatem. Aut atque dignissimos nisi et dolorem aut. Perspiciatis laudantium eius nihil consequatur sunt ut odio.', '2015-07-20 00:24:40');
INSERT INTO `messages` (`id`, `from_user_id`, `to_user_id`, `body`, `created_at`) VALUES ('99', '31', '92', 'Nulla eveniet optio repudiandae et. Cumque voluptate rerum asperiores et architecto dolor.', '2009-02-05 11:51:43');
INSERT INTO `messages` (`id`, `from_user_id`, `to_user_id`, `body`, `created_at`) VALUES ('100', '68', '58', 'Quisquam eius dolores quia et dolore est veniam quia. Earum provident provident rem eligendi repudiandae similique consectetur. Ut quia repudiandae animi sunt molestias ut rem.', '1974-07-27 09:54:20');


